-- SQL Script to populate the database
INSERT INTO Person (IDPerson, Name, Surname, Gender, Birthdate, Address, Phone, Email) VALUES (1, 'Amanda', 'Burke', 'Male', '1975-10-31', '9256 Paul Ports
Brendachester, MA 83082', '216-989-6422', 'gwatson@example.org');
INSERT INTO Person (IDPerson, Name, Surname, Gender, Birthdate, Address, Phone, Email) VALUES (2, 'Mark', 'Berg', 'Female', '1972-08-02', '9903 Wright Stream Apt. 798
Markshire, IN 48370', '001-980-670-3539', 'julie02@example.org');
INSERT INTO Person (IDPerson, Name, Surname, Gender, Birthdate, Address, Phone, Email) VALUES (3, 'Mary', 'Pierce', 'Other', '1973-04-15', 'PSC 7220, Box 2436
APO AE 30835', '5986528477', 'howellnicole@example.org');
INSERT INTO Person (IDPerson, Name, Surname, Gender, Birthdate, Address, Phone, Email) VALUES (4, 'Sandra', 'Saunders', 'Female', '1988-10-09', '291 Monique Ramp
Tinamouth, OH 83289', '804.660.4166x25128', 'christy93@example.org');
INSERT INTO Person (IDPerson, Name, Surname, Gender, Birthdate, Address, Phone, Email) VALUES (5, 'Crystal', 'Spears', 'Other', '1975-05-03', '6733 Davis Grove
Jonesport, PA 03976', '231.279.8628x14034', 'kjones@example.net');
INSERT INTO Person (IDPerson, Name, Surname, Gender, Birthdate, Address, Phone, Email) VALUES (6, 'James', 'Mcdonald', 'Female', '1988-10-21', 'Unit 6713 Box 7051
DPO AP 06929', '309.892.8613', 'ashley84@example.com');
INSERT INTO Person (IDPerson, Name, Surname, Gender, Birthdate, Address, Phone, Email) VALUES (7, 'Eric', 'Smith', 'Male', '1999-03-08', '15792 Paige Bypass
Halestad, CT 81990', '+1-976-211-7152x348', 'holly52@example.org');
INSERT INTO Person (IDPerson, Name, Surname, Gender, Birthdate, Address, Phone, Email) VALUES (8, 'Nicole', 'Kelly', 'Female', '1981-08-29', '751 Taylor Groves Suite 623
New Laurenmouth, DC 41673', '821.815.9859x9683', 'ryan39@example.com');
INSERT INTO Person (IDPerson, Name, Surname, Gender, Birthdate, Address, Phone, Email) VALUES (9, 'Allen', 'Green', 'Male', '1976-03-16', 'USNS Best
FPO AE 35211', '(260)546-1367x84924', 'millermary@example.org');
INSERT INTO Person (IDPerson, Name, Surname, Gender, Birthdate, Address, Phone, Email) VALUES (10, 'Brendan', 'Thomas', 'Male', '1981-12-18', '123 Ann Heights Apt. 230
New Robin, NE 10593', '849.961.3427', 'nicole07@example.org');
INSERT INTO Person (IDPerson, Name, Surname, Gender, Birthdate, Address, Phone, Email) VALUES (11, 'Charles', 'Watson', 'Female', '1999-04-06', '0060 Pratt Island
Timstad, RI 18347', '210.241.6053x94295', 'kenneth42@example.net');
INSERT INTO Person (IDPerson, Name, Surname, Gender, Birthdate, Address, Phone, Email) VALUES (12, 'Lauren', 'Coleman', 'Female', '1980-10-03', '6272 French Falls
Lake Paul, IL 55627', '7347736584', 'troymeadows@example.com');
INSERT INTO Person (IDPerson, Name, Surname, Gender, Birthdate, Address, Phone, Email) VALUES (13, 'Kelly', 'Morales', 'Female', '1999-07-06', '104 Kelly Tunnel
Brianshire, CT 63188', '4336683642', 'jordanpeter@example.org');
INSERT INTO Person (IDPerson, Name, Surname, Gender, Birthdate, Address, Phone, Email) VALUES (14, 'Julie', 'Cochran', 'Female', '1975-04-16', '3564 Hannah Junctions Apt. 525
Bradyland, ND 19315', '001-669-483-8521x2307', 'conwayalan@example.com');
INSERT INTO Person (IDPerson, Name, Surname, Gender, Birthdate, Address, Phone, Email) VALUES (15, 'Amy', 'Oconnor', 'Female', '1974-03-21', '5140 Kristina Cove
Jenkinsfort, VT 44274', '334.293.2993', 'jonesamy@example.net');
INSERT INTO Person (IDPerson, Name, Surname, Gender, Birthdate, Address, Phone, Email) VALUES (16, 'Madeline', 'Kelly', 'Female', '1989-06-02', 'USCGC Bond
FPO AA 18938', '001-548-256-3641x38066', 'arnoldheather@example.com');
INSERT INTO Person (IDPerson, Name, Surname, Gender, Birthdate, Address, Phone, Email) VALUES (17, 'Jennifer', 'Kaiser', 'Female', '1998-07-30', '2031 Fisher Run
New Elizabethville, MO 35209', '(203)956-4446x629', 'john93@example.org');
INSERT INTO Person (IDPerson, Name, Surname, Gender, Birthdate, Address, Phone, Email) VALUES (18, 'Natasha', 'Jones', 'Female', '1994-05-30', '00143 Webb Court
New Samuelport, NH 81843', '537.647.8938x74640', 'raymondlarry@example.com');
INSERT INTO Person (IDPerson, Name, Surname, Gender, Birthdate, Address, Phone, Email) VALUES (19, 'Rachel', 'Whitaker', 'Female', '1975-11-30', '25675 Rebecca Street Suite 891
Port Luisburgh, ID 78435', '762.342.8337', 'qfields@example.net');
INSERT INTO Person (IDPerson, Name, Surname, Gender, Birthdate, Address, Phone, Email) VALUES (20, 'Adrian', 'Baker', 'Female', '1990-07-24', '06753 Francis Common
New Justin, SC 67473', '254.850.8139', 'estewart@example.org');
INSERT INTO Person (IDPerson, Name, Surname, Gender, Birthdate, Address, Phone, Email) VALUES (21, 'John', 'Chang', 'Male', '1992-10-25', '19292 Campos Skyway Suite 422
Garyland, NC 02949', '875.302.9448', 'bruceperry@example.com');
INSERT INTO Person (IDPerson, Name, Surname, Gender, Birthdate, Address, Phone, Email) VALUES (22, 'Matthew', 'Erickson', 'Male', '1998-02-25', '890 Levy Course Apt. 603
East Charles, GA 91530', '+1-604-478-9331x4953', 'wooddiane@example.com');
INSERT INTO Person (IDPerson, Name, Surname, Gender, Birthdate, Address, Phone, Email) VALUES (23, 'Wanda', 'Harris', 'Female', '1986-05-21', '852 Martin Brooks Apt. 662
North Matthew, SC 55599', '452.448.2592x380', 'georgeflores@example.net');
INSERT INTO Person (IDPerson, Name, Surname, Gender, Birthdate, Address, Phone, Email) VALUES (24, 'Kevin', 'Campos', 'Female', '1971-02-14', '520 Houston Pine Suite 181
Travisburgh, OK 75112', '2365771230', 'russelljoseph@example.org');
INSERT INTO Person (IDPerson, Name, Surname, Gender, Birthdate, Address, Phone, Email) VALUES (25, 'Stephanie', 'Hernandez', 'Other', '1990-07-07', '0544 Phillip Place Suite 390
South Mitchellstad, MP 20443', '920-365-7028x81205', 'pmann@example.com');
INSERT INTO Person (IDPerson, Name, Surname, Gender, Birthdate, Address, Phone, Email) VALUES (26, 'Gordon', 'Chandler', 'Female', '1978-01-30', '6499 Moses Isle
Jamesborough, VI 78219', '+1-999-315-2162x4724', 'hayleymartin@example.net');
INSERT INTO Person (IDPerson, Name, Surname, Gender, Birthdate, Address, Phone, Email) VALUES (27, 'Joshua', 'Roy', 'Female', '1973-02-09', '513 Troy Tunnel
North Benjaminport, NC 15362', '545.875.0904x859', 'grantomar@example.org');
INSERT INTO Person (IDPerson, Name, Surname, Gender, Birthdate, Address, Phone, Email) VALUES (28, 'Heather', 'Smith', 'Other', '1995-01-08', '707 Cook Ports
South Kimberly, UT 65609', '279-984-7632', 'bakeranthony@example.org');
INSERT INTO Person (IDPerson, Name, Surname, Gender, Birthdate, Address, Phone, Email) VALUES (29, 'Carly', 'Gonzalez', 'Other', '1975-05-15', '6828 Allen Alley Suite 347
West Laurachester, AZ 68793', '664-284-4264', 'fmcbride@example.com');
INSERT INTO Person (IDPerson, Name, Surname, Gender, Birthdate, Address, Phone, Email) VALUES (30, 'Virginia', 'Flores', 'Other', '1976-03-02', 'USNV Duncan
FPO AA 32860', '(905)855-5841x7738', 'macdonaldjared@example.com');
INSERT INTO Person (IDPerson, Name, Surname, Gender, Birthdate, Address, Phone, Email) VALUES (31, 'Stephanie', 'Martin', 'Male', '1972-02-12', '253 Grant Estates
Sandyhaven, MH 01174', '534.984.1904', 'ydillon@example.net');
INSERT INTO Person (IDPerson, Name, Surname, Gender, Birthdate, Address, Phone, Email) VALUES (32, 'Jonathan', 'Nichols', 'Female', '1985-08-05', '45248 Lara Crossroad
Smithberg, NE 69104', '001-862-306-1116x76021', 'bwilliams@example.net');
INSERT INTO Person (IDPerson, Name, Surname, Gender, Birthdate, Address, Phone, Email) VALUES (33, 'Angela', 'Ball', 'Female', '1987-11-13', '414 Baldwin Flats
Aaronstad, AK 17329', '512-368-4769', 'nsolomon@example.com');
INSERT INTO Person (IDPerson, Name, Surname, Gender, Birthdate, Address, Phone, Email) VALUES (34, 'Erica', 'Contreras', 'Female', '1976-08-14', '1553 Lori Crossing Apt. 828
South Anna, IN 84596', '+1-993-679-4115x02068', 'karen60@example.net');
INSERT INTO Person (IDPerson, Name, Surname, Gender, Birthdate, Address, Phone, Email) VALUES (35, 'Cheryl', 'King', 'Male', '1994-12-19', '3971 Steve Valley Suite 206
Lisaland, WI 50940', '475.619.7835x3018', 'jordan95@example.net');
INSERT INTO Person (IDPerson, Name, Surname, Gender, Birthdate, Address, Phone, Email) VALUES (36, 'George', 'Novak', 'Female', '1970-07-25', '589 Bailey Creek
Jessicaland, NM 91674', '(747)611-9275x22416', 'qwilliamson@example.net');
INSERT INTO Person (IDPerson, Name, Surname, Gender, Birthdate, Address, Phone, Email) VALUES (37, 'Brett', 'Williams', 'Female', '1986-06-05', '63947 Tricia Oval
New Michaelbury, CA 94834', '482-647-0810', 'paul33@example.net');
INSERT INTO Person (IDPerson, Name, Surname, Gender, Birthdate, Address, Phone, Email) VALUES (38, 'Robert', 'Romero', 'Other', '1984-10-11', '89145 Marisa Parkways
West Maryview, AZ 73010', '969-646-7681x781', 'williamswayne@example.com');
INSERT INTO Person (IDPerson, Name, Surname, Gender, Birthdate, Address, Phone, Email) VALUES (39, 'Michael', 'Castillo', 'Male', '1975-01-18', 'Unit 3420 Box 2298
DPO AE 47634', '(971)236-7406x5056', 'marioroach@example.com');
INSERT INTO Person (IDPerson, Name, Surname, Gender, Birthdate, Address, Phone, Email) VALUES (40, 'Brian', 'Henderson', 'Female', '1999-12-06', '2269 Foster Mews Suite 103
South Mitchell, IN 76706', '674.747.1638x95476', 'jessica65@example.net');
INSERT INTO Person (IDPerson, Name, Surname, Gender, Birthdate, Address, Phone, Email) VALUES (41, 'Julie', 'Hawkins', 'Female', '1987-01-17', '49478 Woods Flat Apt. 185
Cassidyland, NJ 40446', '001-647-484-9532x12489', 'richardsonrobert@example.net');
INSERT INTO Person (IDPerson, Name, Surname, Gender, Birthdate, Address, Phone, Email) VALUES (42, 'Samantha', 'Johnson', 'Other', '1986-07-20', '3345 Gross Track Suite 971
Rebeccabury, AS 13731', '001-923-729-5440x03506', 'johnsonallison@example.net');
INSERT INTO Person (IDPerson, Name, Surname, Gender, Birthdate, Address, Phone, Email) VALUES (43, 'Nicholas', 'Campbell', 'Male', '1989-09-02', '804 Fowler Locks Apt. 245
Xaviershire, OR 83164', '(288)695-3393x26048', 'becklynn@example.org');
INSERT INTO Person (IDPerson, Name, Surname, Gender, Birthdate, Address, Phone, Email) VALUES (44, 'Barbara', 'Gutierrez', 'Female', '1972-09-09', '5763 Cobb Village Suite 708
New Jenniferstad, LA 05126', '213.890.9049x2111', 'joneseric@example.com');
INSERT INTO Person (IDPerson, Name, Surname, Gender, Birthdate, Address, Phone, Email) VALUES (45, 'Christopher', 'Merritt', 'Male', '1981-07-23', '0959 Green Roads Apt. 570
New Jeffrey, RI 02983', '773-471-6489x3546', 'shannon54@example.net');
INSERT INTO Person (IDPerson, Name, Surname, Gender, Birthdate, Address, Phone, Email) VALUES (46, 'Laura', 'Stewart', 'Other', '1971-09-01', '0598 Harris Shoals
Kathystad, IA 77637', '001-587-289-3403x1109', 'tlee@example.net');
INSERT INTO Person (IDPerson, Name, Surname, Gender, Birthdate, Address, Phone, Email) VALUES (47, 'Michael', 'Garrison', 'Other', '1992-06-30', 'USNS Martinez
FPO AA 85789', '(904)527-1677', 'patrickruiz@example.net');
INSERT INTO Person (IDPerson, Name, Surname, Gender, Birthdate, Address, Phone, Email) VALUES (48, 'Sharon', 'Reynolds', 'Female', '1978-04-07', '788 Jones Skyway Apt. 525
Williamsonstad, TX 39575', '711.441.6439x380', 'williamsjacqueline@example.com');
INSERT INTO Person (IDPerson, Name, Surname, Gender, Birthdate, Address, Phone, Email) VALUES (49, 'Jose', 'Foley', 'Male', '1977-09-11', '14268 Williams Mews Suite 934
Traceyhaven, MO 81909', '+1-564-217-3413', 'harrisrandy@example.com');
INSERT INTO Person (IDPerson, Name, Surname, Gender, Birthdate, Address, Phone, Email) VALUES (50, 'Jeffrey', 'Foster', 'Female', '1974-11-19', '87509 Gilbert Causeway Suite 018
Parksside, CT 99818', '746-935-9022x34441', 'nicole56@example.org');
INSERT INTO BusinessPartner (Name, TaxID, Address) VALUES ('Cody Mcmahon', '32-9360618', '343 Christensen Port
South Dale, UT 89035');
INSERT INTO BusinessPartner (Name, TaxID, Address) VALUES ('Aaron Dean', '76-9145532', '90883 Walker Pine Apt. 419
North Jeffreyberg, TN 62760');
INSERT INTO BusinessPartner (Name, TaxID, Address) VALUES ('Jeffery Spears', '26-9209197', '6953 Danielle Drive
North Wendymouth, NJ 00703');
INSERT INTO BusinessPartner (Name, TaxID, Address) VALUES ('Lauren Potter DDS', '16-6817347', '248 Jennifer Isle
North Nathanshire, AR 58731');
INSERT INTO BusinessPartner (Name, TaxID, Address) VALUES ('Dr. Isaiah Simpson', '03-1340006', '524 Franklin Estate
South Evanmouth, NY 49841');
INSERT INTO BusinessPartner (Name, TaxID, Address) VALUES ('Gloria Lewis', '58-0210135', '0832 Ebony Manors
Robinsontown, ID 38547');
INSERT INTO BusinessPartner (Name, TaxID, Address) VALUES ('Dorothy Williams', '34-1857014', '8525 Luis Street Apt. 332
Saraburgh, ID 40217');
INSERT INTO BusinessPartner (Name, TaxID, Address) VALUES ('Joshua Kelly', '66-5203270', '522 Steven Plaza Suite 059
Dickersonberg, NC 92039');
INSERT INTO BusinessPartner (Name, TaxID, Address) VALUES ('Mary Sutton', '44-7903739', '2916 Alan Underpass
Davidshire, OH 09126');
INSERT INTO BusinessPartner (Name, TaxID, Address) VALUES ('Albert Hall', '58-5488662', '874 Paula Plaza Suite 424
Soniaside, KS 35844');
INSERT INTO BusinessPartner (Name, TaxID, Address) VALUES ('Jordan Taylor', '42-4761969', '274 Baker Harbor
New Mary, NH 67412');
INSERT INTO BusinessPartner (Name, TaxID, Address) VALUES ('Margaret Moyer', '01-2484664', '371 Mcdowell Key
Meyerburgh, NH 39136');
INSERT INTO BusinessPartner (Name, TaxID, Address) VALUES ('Ryan Stanley', '95-2821391', '09930 Emily Forks
Smithchester, HI 70458');
INSERT INTO BusinessPartner (Name, TaxID, Address) VALUES ('Mr. Lawrence Benson DDS', '50-6757882', '2739 Matthew Squares
Murphyview, KS 44385');
INSERT INTO BusinessPartner (Name, TaxID, Address) VALUES ('Michael Rivera', '82-5438781', '339 Beverly Shoals
South Waynetown, NM 74101');
INSERT INTO Role (Name) VALUES ('Manager');
INSERT INTO Role (Name) VALUES ('Engineer');
INSERT INTO Role (Name) VALUES ('Analyst');
INSERT INTO Role (Name) VALUES ('Technician');
INSERT INTO Role (Name) VALUES ('Clerk');
INSERT INTO Role (Name) VALUES ('Supervisor');
INSERT INTO Role (Name) VALUES ('Executive');
INSERT INTO Role (Name) VALUES ('Consultant');
INSERT INTO Role (Name) VALUES ('Director');
INSERT INTO Role (Name) VALUES ('Assistant');
INSERT INTO Company (Name, Address, Email, Phone) VALUES ('Andrews and Sons', '44733 Taylor Plaza
Dakotafort, CO 71966', 'greenvalerie@christensen.com', '489.603.6625x03310');
INSERT INTO Company (Name, Address, Email, Phone) VALUES ('Stanton Group', '2855 Deborah Lodge
North Susanburgh, VT 56757', 'schneidersandra@mathews.com', '449.657.2485x65141');
INSERT INTO Company (Name, Address, Email, Phone) VALUES ('Ward and Sons', '054 Brown Route Apt. 987
Huynhmouth, SD 95667', 'ldavis@shelton-potts.com', '001-744-376-3685');
INSERT INTO Company (Name, Address, Email, Phone) VALUES ('Weaver PLC', '3480 Jeremy Corners Suite 041
West Danieltown, WY 94417', 'turnersheila@miller.com', '4736381997');
INSERT INTO Company (Name, Address, Email, Phone) VALUES ('West-Price', '71243 Antonio Springs Apt. 337
Michelechester, ND 19834', 'smithtimothy@knapp.com', '896.979.9248');
INSERT INTO Company (Name, Address, Email, Phone) VALUES ('Bender-Howe', '987 Brittany Keys
North Robin, RI 47892', 'oestrada@collins.com', '261.530.1411x74517');
INSERT INTO Company (Name, Address, Email, Phone) VALUES ('Erickson, Johnson and Ortiz', '56782 Tonya Islands Suite 399
North Stacey, WI 56773', 'watkins@dyer.com', '001-749-557-9008');
INSERT INTO Company (Name, Address, Email, Phone) VALUES ('Blackwell, Hahn and Miller', '251 Jerry Coves
New Alexisburgh, CT 85426', 'eugene94@manning.info', '882-938-4457');
INSERT INTO Company (Name, Address, Email, Phone) VALUES ('Alexander Group', '3935 April Parkway
Port Kathrynbury, SD 59842', 'melinda96@hart-knapp.com', '001-910-550-7944x369');
INSERT INTO Company (Name, Address, Email, Phone) VALUES ('Vaughan, Horn and Gomez', '554 Espinoza Throughway
Amyshire, AL 37310', 'heather40@woods.com', '931-845-4430x8576');
INSERT INTO Currency (CurrencyName) VALUES ('USD');
INSERT INTO Currency (CurrencyName) VALUES ('EUR');
INSERT INTO Currency (CurrencyName) VALUES ('GBP');
INSERT INTO Department (Name, Budget, Phone, Email, IDCompany) VALUES ('Mesh user-centric portals', 14036.96, '001-291-384-1747x079', 'tanderson@cruz.com', 3);
INSERT INTO Department (Name, Budget, Phone, Email, IDCompany) VALUES ('Enable vertical methodologies', 33661.56, '+1-264-552-4143x89877', 'stokesmichelle@christensen.com', 8);
INSERT INTO Department (Name, Budget, Phone, Email, IDCompany) VALUES ('Repurpose value-added experiences', 69857.23, '(965)277-2453', 'fredmcmahon@richards.com', 9);
INSERT INTO Department (Name, Budget, Phone, Email, IDCompany) VALUES ('Strategize customized systems', 67289.45, '809-282-5818', 'amorrison@lopez.com', 6);
INSERT INTO Department (Name, Budget, Phone, Email, IDCompany) VALUES ('Architect interactive roi', 99307.59, '784-376-9839x554', 'lisa59@turner-walker.info', 1);
INSERT INTO Department (Name, Budget, Phone, Email, IDCompany) VALUES ('Visualize cutting-edge web-readiness', 70664.59, '(973)866-2837', 'durhamedward@barber-ruiz.com', 5);
INSERT INTO Department (Name, Budget, Phone, Email, IDCompany) VALUES ('Monetize innovative eyeballs', 77155.05, '(272)882-6133x022', 'mramirez@hernandez.org', 3);
INSERT INTO Department (Name, Budget, Phone, Email, IDCompany) VALUES ('Re-intermediate next-generation synergies', 58288.81, '270-958-0604', 'hornjacob@obrien.com', 7);
INSERT INTO Department (Name, Budget, Phone, Email, IDCompany) VALUES ('Exploit robust deliverables', 28238.43, '754-542-3061x627', 'fvasquez@combs-hansen.org', 8);
INSERT INTO Department (Name, Budget, Phone, Email, IDCompany) VALUES ('Incubate back-end models', 64565.15, '+1-537-244-9059x347', 'zherman@black.com', 3);
INSERT INTO Department (Name, Budget, Phone, Email, IDCompany) VALUES ('Redefine compelling technologies', 57090.44, '225-339-0789x56948', 'johnsonjennifer@hayes.com', 10);
INSERT INTO Department (Name, Budget, Phone, Email, IDCompany) VALUES ('Grow leading-edge markets', 72869.88, '(759)728-6162x756', 'jeremy03@wilkins.org', 7);
INSERT INTO Department (Name, Budget, Phone, Email, IDCompany) VALUES ('Empower user-centric niches', 74081.16, '768.641.5613x513', 'rbrooks@sweeney-bradley.net', 3);
INSERT INTO Department (Name, Budget, Phone, Email, IDCompany) VALUES ('Productize killer e-services', 14791.9, '+1-724-986-3864x32985', 'bennettdonald@henry.org', 3);
INSERT INTO Department (Name, Budget, Phone, Email, IDCompany) VALUES ('Enable open-source interfaces', 42016.32, '(832)927-7659', 'amynewton@murray.biz', 7);
INSERT INTO Purchase (Date, Amount, Description, IDCompany, IDPartner, IDCurrency) VALUES ('2020-07-14', 30366, 'Money list hair security style interest firm culture theory price most same democratic great today decade staff about seat involve.', 10, 8, 2);
INSERT INTO Purchase (Date, Amount, Description, IDCompany, IDPartner, IDCurrency) VALUES ('2022-08-31', 25219, 'Task put participant culture describe end if lot by gun marriage public mission guy stage always region order voice contain such really exist catch kitchen under spend.', 1, 12, 2);
INSERT INTO Purchase (Date, Amount, Description, IDCompany, IDPartner, IDCurrency) VALUES ('2022-03-01', 87032, 'Institution person manager million hour truth number arm soldier can community law.', 8, 4, 1);
INSERT INTO Purchase (Date, Amount, Description, IDCompany, IDPartner, IDCurrency) VALUES ('2021-02-01', 99598, 'Every not the read environmental let worker run back material mention every agency hear.', 7, 3, 1);
INSERT INTO Purchase (Date, Amount, Description, IDCompany, IDPartner, IDCurrency) VALUES ('2020-12-14', 59111, 'Fire positive may would seem play whatever director general down others church together instead capital success court camera themselves.', 7, 12, 3);
INSERT INTO Purchase (Date, Amount, Description, IDCompany, IDPartner, IDCurrency) VALUES ('2020-11-02', 65251, 'Suggest nice event father how benefit Democrat car six politics dinner network yourself former model raise.', 2, 9, 1);
INSERT INTO Purchase (Date, Amount, Description, IDCompany, IDPartner, IDCurrency) VALUES ('2022-01-12', 92206, 'Sing in attack none back city others heart clear strong hot war note great capital stuff future third beyond evidence I.', 4, 7, 2);
INSERT INTO Purchase (Date, Amount, Description, IDCompany, IDPartner, IDCurrency) VALUES ('2022-11-14', 44006, 'Through tough forget personal prevent land short time page important cover cup ever happen while design of safe window floor break blue since across wall performance appear.', 5, 1, 3);
INSERT INTO Purchase (Date, Amount, Description, IDCompany, IDPartner, IDCurrency) VALUES ('2022-06-02', 79719, 'This serve follow again in seat drug drive marriage pick away bring top heart find moment admit hear develop senior.', 2, 7, 1);
INSERT INTO Purchase (Date, Amount, Description, IDCompany, IDPartner, IDCurrency) VALUES ('2022-07-08', 38779, 'Color exist interview tax entire particularly ten method blue international individual finish blood.', 2, 14, 2);
INSERT INTO Employee (IDEmployee, IDRole, WorkSince, ContractEnd, Salary, TaxID, IDCompany) VALUES (17, 4, '2021-05-13', '2026-05-19', 3407.62, '66-5067180', 7);
INSERT INTO Employee (IDEmployee, IDRole, WorkSince, ContractEnd, Salary, TaxID, IDCompany) VALUES (18, 8, '2022-08-25', '2023-08-01', 2319.21, '76-8522603', 8);
INSERT INTO Employee (IDEmployee, IDRole, WorkSince, ContractEnd, Salary, TaxID, IDCompany) VALUES (19, 7, '2021-01-22', '2023-07-28', 4930.73, '83-3050718', 3);
INSERT INTO Employee (IDEmployee, IDRole, WorkSince, ContractEnd, Salary, TaxID, IDCompany) VALUES (20, 9, '2021-09-12', '2024-07-05', 2683.03, '22-5662067', 7);
INSERT INTO Employee (IDEmployee, IDRole, WorkSince, ContractEnd, Salary, TaxID, IDCompany) VALUES (21, 5, '2022-09-24', '2027-12-08', 3373.78, '65-6798217', 7);
INSERT INTO Employee (IDEmployee, IDRole, WorkSince, ContractEnd, Salary, TaxID, IDCompany) VALUES (22, 6, '2022-11-12', '2027-05-13', 3861.8, '39-2634548', 6);
INSERT INTO Employee (IDEmployee, IDRole, WorkSince, ContractEnd, Salary, TaxID, IDCompany) VALUES (23, 4, '2021-10-31', '2027-02-25', 4702.75, '11-3645527', 3);
INSERT INTO Employee (IDEmployee, IDRole, WorkSince, ContractEnd, Salary, TaxID, IDCompany) VALUES (24, 9, '2020-05-21', '2023-07-28', 4895.7, '14-0936048', 7);
INSERT INTO Employee (IDEmployee, IDRole, WorkSince, ContractEnd, Salary, TaxID, IDCompany) VALUES (25, 9, '2021-03-31', '2023-12-24', 4024.05, '21-6262067', 7);
INSERT INTO Employee (IDEmployee, IDRole, WorkSince, ContractEnd, Salary, TaxID, IDCompany) VALUES (26, 3, '2022-03-01', '2024-12-01', 4134.07, '67-0614030', 2);
INSERT INTO Employee (IDEmployee, IDRole, WorkSince, ContractEnd, Salary, TaxID, IDCompany) VALUES (27, 4, '2021-12-19', '2025-08-01', 3265.52, '03-5265903', 5);
INSERT INTO Employee (IDEmployee, IDRole, WorkSince, ContractEnd, Salary, TaxID, IDCompany) VALUES (28, 7, '2021-01-11', '2027-07-13', 1016.84, '27-5594583', 1);
INSERT INTO Employee (IDEmployee, IDRole, WorkSince, ContractEnd, Salary, TaxID, IDCompany) VALUES (29, 4, '2022-06-07', '2025-02-10', 2565.17, '44-0279711', 2);
INSERT INTO Employee (IDEmployee, IDRole, WorkSince, ContractEnd, Salary, TaxID, IDCompany) VALUES (30, 2, '2021-06-16', '2025-05-17', 3019.23, '63-7160355', 7);
INSERT INTO Employee (IDEmployee, IDRole, WorkSince, ContractEnd, Salary, TaxID, IDCompany) VALUES (31, 2, '2022-12-06', '2026-08-10', 1481.64, '86-4193340', 9);
INSERT INTO Employee (IDEmployee, IDRole, WorkSince, ContractEnd, Salary, TaxID, IDCompany) VALUES (32, 9, '2022-04-18', '2026-11-26', 1380.84, '52-1844155', 10);
INSERT INTO Employee (IDEmployee, IDRole, WorkSince, ContractEnd, Salary, TaxID, IDCompany) VALUES (33, 3, '2021-08-23', '2024-12-05', 944.24, '52-9542952', 9);
INSERT INTO Employee (IDEmployee, IDRole, WorkSince, ContractEnd, Salary, TaxID, IDCompany) VALUES (34, 3, '2022-03-10', '2023-12-01', 3366.34, '33-8967362', 8);
INSERT INTO Employee (IDEmployee, IDRole, WorkSince, ContractEnd, Salary, TaxID, IDCompany) VALUES (35, 7, '2021-03-26', '2027-09-22', 2890.8, '88-0261447', 10);
INSERT INTO Employee (IDEmployee, IDRole, WorkSince, ContractEnd, Salary, TaxID, IDCompany) VALUES (36, 10, '2021-03-21', '2024-10-21', 3181.86, '10-8420596', 9);
INSERT INTO Employee (IDEmployee, IDRole, WorkSince, ContractEnd, Salary, TaxID, IDCompany) VALUES (37, 4, '2021-08-22', '2023-07-18', 3404.32, '31-9424412', 1);
INSERT INTO Employee (IDEmployee, IDRole, WorkSince, ContractEnd, Salary, TaxID, IDCompany) VALUES (38, 6, '2021-08-01', '2025-03-01', 3680.67, '46-7516621', 4);
INSERT INTO Employee (IDEmployee, IDRole, WorkSince, ContractEnd, Salary, TaxID, IDCompany) VALUES (39, 1, '2022-02-05', '2026-05-27', 2495.46, '71-1303238', 6);
INSERT INTO Employee (IDEmployee, IDRole, WorkSince, ContractEnd, Salary, TaxID, IDCompany) VALUES (40, 10, '2021-03-19', '2025-09-16', 3083.49, '93-8291247', 4);
INSERT INTO Employee (IDEmployee, IDRole, WorkSince, ContractEnd, Salary, TaxID, IDCompany) VALUES (41, 3, '2021-06-27', '2027-12-02', 3208.91, '71-8051410', 6);
INSERT INTO Employee (IDEmployee, IDRole, WorkSince, ContractEnd, Salary, TaxID, IDCompany) VALUES (42, 4, '2021-12-17', '2025-10-17', 2624.34, '63-3782558', 1);
INSERT INTO Employee (IDEmployee, IDRole, WorkSince, ContractEnd, Salary, TaxID, IDCompany) VALUES (43, 8, '2021-04-27', '2024-02-17', 890.09, '71-7262825', 9);
INSERT INTO Employee (IDEmployee, IDRole, WorkSince, ContractEnd, Salary, TaxID, IDCompany) VALUES (44, 7, '2020-09-11', '2026-09-23', 3213.08, '50-8369304', 3);
INSERT INTO Employee (IDEmployee, IDRole, WorkSince, ContractEnd, Salary, TaxID, IDCompany) VALUES (45, 5, '2022-02-17', '2024-11-23', 3960.57, '05-4761166', 3);
INSERT INTO Employee (IDEmployee, IDRole, WorkSince, ContractEnd, Salary, TaxID, IDCompany) VALUES (46, 2, '2021-06-09', '2026-01-27', 3019.05, '46-9824566', 10);
INSERT INTO Employee (IDEmployee, IDRole, WorkSince, ContractEnd, Salary, TaxID, IDCompany) VALUES (47, 7, '2021-04-06', '2024-03-03', 4165.64, '51-9938071', 6);
INSERT INTO Employee (IDEmployee, IDRole, WorkSince, ContractEnd, Salary, TaxID, IDCompany) VALUES (48, 6, '2022-07-06', '2027-10-25', 1351.63, '94-1966438', 6);
INSERT INTO Employee (IDEmployee, IDRole, WorkSince, ContractEnd, Salary, TaxID, IDCompany) VALUES (49, 6, '2022-10-12', '2027-12-11', 1250.0, '74-0529182', 1);
INSERT INTO Employee (IDEmployee, IDRole, WorkSince, ContractEnd, Salary, TaxID, IDCompany) VALUES (50, 6, '2020-08-25', '2027-10-04', 4923.36, '94-3877958', 4);
INSERT INTO Contact (IDContact, JobDescription, IDPartner) VALUES (1, 'Radio broadcast assistant', 6);
INSERT INTO Contact (IDContact, JobDescription, IDPartner) VALUES (2, 'Trading standards officer', 8);
INSERT INTO Contact (IDContact, JobDescription, IDPartner) VALUES (3, 'Printmaker', 5);
INSERT INTO Contact (IDContact, JobDescription, IDPartner) VALUES (4, 'Librarian, academic', 1);
INSERT INTO Contact (IDContact, JobDescription, IDPartner) VALUES (5, 'Armed forces logistics/support/administrative officer', 12);
INSERT INTO Contact (IDContact, JobDescription, IDPartner) VALUES (6, 'Academic librarian', 15);
INSERT INTO Contact (IDContact, JobDescription, IDPartner) VALUES (7, 'Legal executive', 13);
INSERT INTO Contact (IDContact, JobDescription, IDPartner) VALUES (8, 'Museum/gallery exhibitions officer', 1);
INSERT INTO Contact (IDContact, JobDescription, IDPartner) VALUES (9, 'Chief of Staff', 11);
INSERT INTO Contact (IDContact, JobDescription, IDPartner) VALUES (10, 'Designer, television/film set', 5);
INSERT INTO Contact (IDContact, JobDescription, IDPartner) VALUES (11, 'Special educational needs teacher', 14);
INSERT INTO Contact (IDContact, JobDescription, IDPartner) VALUES (12, 'Financial controller', 11);
INSERT INTO Contact (IDContact, JobDescription, IDPartner) VALUES (13, 'Hotel manager', 7);
INSERT INTO Contact (IDContact, JobDescription, IDPartner) VALUES (14, 'Civil Service fast streamer', 8);
INSERT INTO Contact (IDContact, JobDescription, IDPartner) VALUES (15, 'Production engineer', 5);
INSERT INTO Invoice (InvoiceDate, TotalAmount, IDCurrency, IDCompany, IDContact) VALUES ('2021-09-06', 3041.84, 3, 7, 3);
INSERT INTO Invoice (InvoiceDate, TotalAmount, IDCurrency, IDCompany, IDContact) VALUES ('2022-03-23', 385.7, 1, 5, 3);
INSERT INTO Invoice (InvoiceDate, TotalAmount, IDCurrency, IDCompany, IDContact) VALUES ('2022-02-06', 3649.6, 2, 7, 8);
INSERT INTO Invoice (InvoiceDate, TotalAmount, IDCurrency, IDCompany, IDContact) VALUES ('2020-01-06', 3953.74, 1, 2, 9);
INSERT INTO Invoice (InvoiceDate, TotalAmount, IDCurrency, IDCompany, IDContact) VALUES ('2021-02-08', 2346.71, 3, 10, 1);
INSERT INTO Invoice (InvoiceDate, TotalAmount, IDCurrency, IDCompany, IDContact) VALUES ('2021-12-10', 3952.1, 1, 8, 6);
INSERT INTO Invoice (InvoiceDate, TotalAmount, IDCurrency, IDCompany, IDContact) VALUES ('2021-12-22', 771.96, 3, 1, 6);
INSERT INTO Invoice (InvoiceDate, TotalAmount, IDCurrency, IDCompany, IDContact) VALUES ('2022-12-06', 785.63, 1, 7, 12);
INSERT INTO Invoice (InvoiceDate, TotalAmount, IDCurrency, IDCompany, IDContact) VALUES ('2020-07-16', 1877.91, 3, 2, 2);
INSERT INTO Invoice (InvoiceDate, TotalAmount, IDCurrency, IDCompany, IDContact) VALUES ('2020-07-28', 154.32, 1, 9, 10);
INSERT INTO Project (Name, StartDate, EndDate, IDDepartment) VALUES ('Grow extensible functionalities', '2021-02-18', '2024-04-30', 10);
INSERT INTO Project (Name, StartDate, EndDate, IDDepartment) VALUES ('Maximize wireless e-business', '2020-12-17', '2023-08-22', 4);
INSERT INTO Project (Name, StartDate, EndDate, IDDepartment) VALUES ('Synergize interactive eyeballs', '2021-11-17', '2023-05-16', 2);
INSERT INTO Project (Name, StartDate, EndDate, IDDepartment) VALUES ('Syndicate user-centric bandwidth', '2021-03-14', '2023-11-19', 2);
INSERT INTO Project (Name, StartDate, EndDate, IDDepartment) VALUES ('Harness back-end e-commerce', '2021-01-27', '2023-06-29', 2);
INSERT INTO Project (Name, StartDate, EndDate, IDDepartment) VALUES ('Whiteboard 24/7 interfaces', '2020-03-20', '2023-01-19', 9);
INSERT INTO Project (Name, StartDate, EndDate, IDDepartment) VALUES ('Revolutionize virtual portals', '2021-10-24', '2024-09-07', 5);
INSERT INTO Project (Name, StartDate, EndDate, IDDepartment) VALUES ('E-enable distributed supply-chains', '2020-07-21', '2023-03-18', 15);
INSERT INTO Project (Name, StartDate, EndDate, IDDepartment) VALUES ('Exploit best-of-breed e-markets', '2021-09-10', '2023-10-11', 15);
INSERT INTO Project (Name, StartDate, EndDate, IDDepartment) VALUES ('Streamline intuitive technologies', '2020-03-29', '2023-07-30', 2);
INSERT INTO Project (Name, StartDate, EndDate, IDDepartment) VALUES ('Syndicate clicks-and-mortar vortals', '2021-01-08', '2024-02-29', 5);
INSERT INTO Project (Name, StartDate, EndDate, IDDepartment) VALUES ('Disintermediate revolutionary deliverables', '2020-08-04', '2023-06-13', 15);
INSERT INTO Project (Name, StartDate, EndDate, IDDepartment) VALUES ('Strategize web-enabled networks', '2020-02-09', '2024-04-12', 8);
INSERT INTO Project (Name, StartDate, EndDate, IDDepartment) VALUES ('Incentivize front-end technologies', '2020-11-28', '2023-09-26', 3);
INSERT INTO Project (Name, StartDate, EndDate, IDDepartment) VALUES ('Drive out-of-the-box platforms', '2020-06-13', '2024-04-23', 13);
INSERT INTO Project (Name, StartDate, EndDate, IDDepartment) VALUES ('Cultivate intuitive paradigms', '2021-04-04', '2024-08-12', 6);
INSERT INTO Project (Name, StartDate, EndDate, IDDepartment) VALUES ('Grow enterprise markets', '2021-08-02', '2023-03-31', 6);
INSERT INTO Project (Name, StartDate, EndDate, IDDepartment) VALUES ('Disintermediate interactive bandwidth', '2021-11-21', '2024-04-16', 14);
INSERT INTO Project (Name, StartDate, EndDate, IDDepartment) VALUES ('Implement enterprise systems', '2020-05-07', '2024-07-14', 13);
INSERT INTO Project (Name, StartDate, EndDate, IDDepartment) VALUES ('Architect seamless mindshare', '2020-04-25', '2023-09-29', 15);
INSERT INTO EmployeeDepartment (IDEmployee, IDDepartment, DepTitle) VALUES (17, 15, 'Glass blower/designer');
INSERT INTO EmployeeDepartment (IDEmployee, IDDepartment, DepTitle) VALUES (18, 2, 'Retail buyer');
INSERT INTO EmployeeDepartment (IDEmployee, IDDepartment, DepTitle) VALUES (19, 14, 'Data scientist');
INSERT INTO EmployeeDepartment (IDEmployee, IDDepartment, DepTitle) VALUES (20, 7, 'Regulatory affairs officer');
INSERT INTO EmployeeDepartment (IDEmployee, IDDepartment, DepTitle) VALUES (21, 14, 'Comptroller');
INSERT INTO EmployeeDepartment (IDEmployee, IDDepartment, DepTitle) VALUES (22, 8, 'Public relations officer');
INSERT INTO EmployeeDepartment (IDEmployee, IDDepartment, DepTitle) VALUES (23, 6, 'Engineer, manufacturing systems');
INSERT INTO EmployeeDepartment (IDEmployee, IDDepartment, DepTitle) VALUES (24, 8, 'Early years teacher');
INSERT INTO EmployeeDepartment (IDEmployee, IDDepartment, DepTitle) VALUES (25, 10, 'Broadcast engineer');
INSERT INTO EmployeeDepartment (IDEmployee, IDDepartment, DepTitle) VALUES (26, 6, 'Museum/gallery curator');
INSERT INTO EmployeeDepartment (IDEmployee, IDDepartment, DepTitle) VALUES (27, 9, 'Journalist, newspaper');
INSERT INTO EmployeeDepartment (IDEmployee, IDDepartment, DepTitle) VALUES (28, 14, 'Geologist, wellsite');
INSERT INTO EmployeeDepartment (IDEmployee, IDDepartment, DepTitle) VALUES (29, 3, 'Ambulance person');
INSERT INTO EmployeeDepartment (IDEmployee, IDDepartment, DepTitle) VALUES (30, 13, 'General practice doctor');
INSERT INTO EmployeeDepartment (IDEmployee, IDDepartment, DepTitle) VALUES (31, 12, 'Financial controller');
INSERT INTO EmployeeDepartment (IDEmployee, IDDepartment, DepTitle) VALUES (32, 15, 'Licensed conveyancer');
INSERT INTO EmployeeDepartment (IDEmployee, IDDepartment, DepTitle) VALUES (33, 5, 'Purchasing manager');
INSERT INTO EmployeeDepartment (IDEmployee, IDDepartment, DepTitle) VALUES (34, 4, 'Photographer');
INSERT INTO EmployeeDepartment (IDEmployee, IDDepartment, DepTitle) VALUES (35, 1, 'Scientist, research (life sciences)');
INSERT INTO EmployeeDepartment (IDEmployee, IDDepartment, DepTitle) VALUES (36, 12, 'Information systems manager');
INSERT INTO EmployeeDepartment (IDEmployee, IDDepartment, DepTitle) VALUES (37, 5, 'Accountant, chartered public finance');
INSERT INTO EmployeeDepartment (IDEmployee, IDDepartment, DepTitle) VALUES (38, 6, 'Customer service manager');
INSERT INTO EmployeeDepartment (IDEmployee, IDDepartment, DepTitle) VALUES (39, 7, 'Pharmacist, hospital');
INSERT INTO EmployeeDepartment (IDEmployee, IDDepartment, DepTitle) VALUES (40, 2, 'Buyer, industrial');
INSERT INTO EmployeeDepartment (IDEmployee, IDDepartment, DepTitle) VALUES (41, 4, 'Engineer, agricultural');
INSERT INTO EmployeeDepartment (IDEmployee, IDDepartment, DepTitle) VALUES (42, 13, 'Retail merchandiser');
INSERT INTO EmployeeDepartment (IDEmployee, IDDepartment, DepTitle) VALUES (43, 2, 'Data processing manager');
INSERT INTO EmployeeDepartment (IDEmployee, IDDepartment, DepTitle) VALUES (44, 8, 'Field trials officer');
INSERT INTO EmployeeDepartment (IDEmployee, IDDepartment, DepTitle) VALUES (45, 10, 'Therapist, music');
INSERT INTO EmployeeDepartment (IDEmployee, IDDepartment, DepTitle) VALUES (46, 8, 'Public relations officer');
INSERT INTO EmployeeDepartment (IDEmployee, IDDepartment, DepTitle) VALUES (47, 14, 'Water engineer');
INSERT INTO EmployeeDepartment (IDEmployee, IDDepartment, DepTitle) VALUES (48, 11, 'Estate agent');
INSERT INTO EmployeeDepartment (IDEmployee, IDDepartment, DepTitle) VALUES (49, 4, 'Risk analyst');
INSERT INTO EmployeeDepartment (IDEmployee, IDDepartment, DepTitle) VALUES (50, 12, 'Advertising copywriter');
INSERT INTO Sale (Date, Amount, IDContact, IDProject) VALUES ('2023-09-28', 8525.39, 15, 8);
INSERT INTO Sale (Date, Amount, IDContact, IDProject) VALUES ('2023-10-01', 3700.58, 3, 10);
INSERT INTO Sale (Date, Amount, IDContact, IDProject) VALUES ('2022-09-28', 5635.43, 6, 20);
INSERT INTO Sale (Date, Amount, IDContact, IDProject) VALUES ('2023-02-11', 9623.01, 10, 17);
INSERT INTO Sale (Date, Amount, IDContact, IDProject) VALUES ('2020-11-26', 5146.07, 5, 17);
INSERT INTO Sale (Date, Amount, IDContact, IDProject) VALUES ('2022-03-27', 394.61, 10, 18);
INSERT INTO Sale (Date, Amount, IDContact, IDProject) VALUES ('2023-12-03', 7278.2, 10, 9);
INSERT INTO Sale (Date, Amount, IDContact, IDProject) VALUES ('2021-11-21', 2127.67, 15, 1);
INSERT INTO Sale (Date, Amount, IDContact, IDProject) VALUES ('2023-05-13', 5127.7, 5, 17);
INSERT INTO Sale (Date, Amount, IDContact, IDProject) VALUES ('2021-09-08', 9924.13, 12, 16);
INSERT INTO Sale (Date, Amount, IDContact, IDProject) VALUES ('2020-04-26', 1296.99, 3, 16);
INSERT INTO Sale (Date, Amount, IDContact, IDProject) VALUES ('2021-07-12', 2944.24, 13, 4);
INSERT INTO Sale (Date, Amount, IDContact, IDProject) VALUES ('2020-07-30', 9820.07, 14, 8);
INSERT INTO Sale (Date, Amount, IDContact, IDProject) VALUES ('2022-08-09', 8897.89, 5, 8);
INSERT INTO Sale (Date, Amount, IDContact, IDProject) VALUES ('2021-10-12', 2890.28, 1, 20);
INSERT INTO Sale (Date, Amount, IDContact, IDProject) VALUES ('2020-01-17', 2352.63, 10, 15);
INSERT INTO Sale (Date, Amount, IDContact, IDProject) VALUES ('2023-05-19', 8851.95, 8, 7);
INSERT INTO Sale (Date, Amount, IDContact, IDProject) VALUES ('2021-01-31', 8097.56, 5, 7);
INSERT INTO Sale (Date, Amount, IDContact, IDProject) VALUES ('2020-08-12', 3424.2, 8, 13);
INSERT INTO Sale (Date, Amount, IDContact, IDProject) VALUES ('2023-01-14', 1922.21, 9, 18);
INSERT INTO Sale (Date, Amount, IDContact, IDProject) VALUES ('2023-01-29', 1498.08, 14, 16);
INSERT INTO Sale (Date, Amount, IDContact, IDProject) VALUES ('2023-04-06', 2011.06, 4, 1);
INSERT INTO Sale (Date, Amount, IDContact, IDProject) VALUES ('2021-05-20', 3835.87, 6, 19);
INSERT INTO Sale (Date, Amount, IDContact, IDProject) VALUES ('2021-09-13', 4988.64, 6, 14);
INSERT INTO Sale (Date, Amount, IDContact, IDProject) VALUES ('2022-02-18', 3616.71, 7, 19);
INSERT INTO Sale (Date, Amount, IDContact, IDProject) VALUES ('2021-10-12', 8502.68, 14, 17);
INSERT INTO Sale (Date, Amount, IDContact, IDProject) VALUES ('2021-03-22', 4425.96, 15, 5);
INSERT INTO Sale (Date, Amount, IDContact, IDProject) VALUES ('2020-11-24', 3995.33, 5, 9);
INSERT INTO Sale (Date, Amount, IDContact, IDProject) VALUES ('2021-09-06', 3326.04, 9, 5);
INSERT INTO Sale (Date, Amount, IDContact, IDProject) VALUES ('2021-04-17', 619.33, 13, 10);
INSERT INTO Product (Name, Price, IDDepartment) VALUES ('Black Teacher', 763.14, 7);
INSERT INTO Product (Name, Price, IDDepartment) VALUES ('Language Lose', 191.09, 10);
INSERT INTO Product (Name, Price, IDDepartment) VALUES ('Bit Truth', 137.99, 7);
INSERT INTO Product (Name, Price, IDDepartment) VALUES ('Recently Theory', 912.74, 5);
INSERT INTO Product (Name, Price, IDDepartment) VALUES ('Mention Check', 254.41, 5);
INSERT INTO Product (Name, Price, IDDepartment) VALUES ('Wear Dark', 745.93, 10);
INSERT INTO Product (Name, Price, IDDepartment) VALUES ('Song Receive', 64.86, 13);
INSERT INTO Product (Name, Price, IDDepartment) VALUES ('Personal Pick', 730.87, 6);
INSERT INTO Product (Name, Price, IDDepartment) VALUES ('Open Rise', 787.17, 14);
INSERT INTO Product (Name, Price, IDDepartment) VALUES ('Early Yourself', 703.04, 10);
INSERT INTO Product (Name, Price, IDDepartment) VALUES ('Wide Will', 827.62, 10);
INSERT INTO Product (Name, Price, IDDepartment) VALUES ('Tough Add', 243.99, 7);
INSERT INTO Product (Name, Price, IDDepartment) VALUES ('Result Bag', 179.88, 13);
INSERT INTO Product (Name, Price, IDDepartment) VALUES ('Believe Reach', 875.65, 5);
INSERT INTO Product (Name, Price, IDDepartment) VALUES ('Manage Under', 39.39, 8);
INSERT INTO Product (Name, Price, IDDepartment) VALUES ('Bank Of', 515.58, 2);
INSERT INTO Product (Name, Price, IDDepartment) VALUES ('Court Lose', 363.46, 14);
INSERT INTO Product (Name, Price, IDDepartment) VALUES ('Western Red', 808.46, 11);
INSERT INTO Product (Name, Price, IDDepartment) VALUES ('Doctor Fight', 148.8, 5);
INSERT INTO Product (Name, Price, IDDepartment) VALUES ('Short Radio', 382.57, 10);
INSERT INTO InvoiceSale (IDInvoice, IDSale) VALUES (1, 16);
INSERT INTO InvoiceSale (IDInvoice, IDSale) VALUES (4, 19);
INSERT INTO InvoiceSale (IDInvoice, IDSale) VALUES (5, 17);
INSERT INTO InvoiceSale (IDInvoice, IDSale) VALUES (3, 26);
INSERT INTO InvoiceSale (IDInvoice, IDSale) VALUES (7, 24);
INSERT INTO ProductSale (IDProduct, IDSale, Quantity) VALUES (13, 11, 3);
INSERT INTO ProductSale (IDProduct, IDSale, Quantity) VALUES (4, 24, 2);
INSERT INTO ProductSale (IDProduct, IDSale, Quantity) VALUES (16, 27, 4);
INSERT INTO ProductSale (IDProduct, IDSale, Quantity) VALUES (15, 24, 2);
INSERT INTO ProductSale (IDProduct, IDSale, Quantity) VALUES (20, 4, 9);
INSERT INTO ProductSale (IDProduct, IDSale, Quantity) VALUES (20, 12, 7);
INSERT INTO ProductSale (IDProduct, IDSale, Quantity) VALUES (8, 19, 10);
INSERT INTO ProductSale (IDProduct, IDSale, Quantity) VALUES (3, 28, 5);
INSERT INTO ProductSale (IDProduct, IDSale, Quantity) VALUES (7, 14, 7);
INSERT INTO ProductSale (IDProduct, IDSale, Quantity) VALUES (12, 15, 3);
