-- SQL Script to populate the database
INSERT INTO Person (IDPerson, Name, Surname, Gender, Birthdate, Address, Phone, Email) VALUES (1, 'Christopher', 'Valdez', 'Other', '1989-11-16', '9387 Elizabeth Parkways Suite 595
Lake Tonyaburgh, MH 14847', '(784)867-0855', 'gcarpenter@example.com');
INSERT INTO Person (IDPerson, Name, Surname, Gender, Birthdate, Address, Phone, Email) VALUES (2, 'Katrina', 'Cantrell', 'Male', '1979-09-13', '057 Torres Vista Suite 044
West Jacob, RI 60694', '+1-231-644-9845x16594', 'nberry@example.com');
INSERT INTO Person (IDPerson, Name, Surname, Gender, Birthdate, Address, Phone, Email) VALUES (3, 'Colin', 'Carr', 'Other', '1991-11-02', '8526 Nicholas Pike
New Kayla, WY 60746', '227-555-9900x604', 'carl10@example.com');
INSERT INTO Person (IDPerson, Name, Surname, Gender, Birthdate, Address, Phone, Email) VALUES (4, 'Keith', 'Martin', 'Male', '1994-12-13', '18310 Maria Vista
Josephmouth, NM 54302', '(772)631-9305x8621', 'gspencer@example.com');
INSERT INTO Person (IDPerson, Name, Surname, Gender, Birthdate, Address, Phone, Email) VALUES (5, 'Sara', 'Lawson', 'Female', '1973-02-18', '531 Parrish Vista Apt. 146
Lake Kellyview, ME 00964', '001-285-569-2090x33522', 'harrisonwilliam@example.org');
INSERT INTO Person (IDPerson, Name, Surname, Gender, Birthdate, Address, Phone, Email) VALUES (6, 'Terri', 'Nunez', 'Female', '1993-10-22', '07008 Eaton Well
Michellemouth, AZ 53017', '7573912359', 'reevesjames@example.com');
INSERT INTO Person (IDPerson, Name, Surname, Gender, Birthdate, Address, Phone, Email) VALUES (7, 'Jesus', 'Bowers', 'Other', '1975-03-07', '45644 Jones Glen Apt. 257
North Jill, GA 37898', '8263325630', 'sharonbrown@example.org');
INSERT INTO Person (IDPerson, Name, Surname, Gender, Birthdate, Address, Phone, Email) VALUES (8, 'Lisa', 'Hill', 'Female', '1983-08-05', '21536 Collier Ville Apt. 496
West Sara, GU 49827', '297-203-4190x25424', 'aphillips@example.org');
INSERT INTO Person (IDPerson, Name, Surname, Gender, Birthdate, Address, Phone, Email) VALUES (9, 'Carol', 'Vincent', 'Other', '1987-06-18', '927 Williams Field
Tammyton, OH 93606', '8059945635', 'wilkinsonbrianna@example.org');
INSERT INTO Person (IDPerson, Name, Surname, Gender, Birthdate, Address, Phone, Email) VALUES (10, 'Rodney', 'Chavez', 'Male', '1977-05-11', '2887 Zachary Garden Suite 688
Hartmanborough, IA 83909', '540.550.5076x151', 'wilsonnicole@example.com');
INSERT INTO Person (IDPerson, Name, Surname, Gender, Birthdate, Address, Phone, Email) VALUES (11, 'Gregory', 'Hernandez', 'Other', '1982-09-11', '40080 Brian Forest
North Maria, AS 67283', '834-318-5092', 'crystal23@example.net');
INSERT INTO Person (IDPerson, Name, Surname, Gender, Birthdate, Address, Phone, Email) VALUES (12, 'Courtney', 'Carrillo', 'Male', '1994-03-06', 'USS Goodwin
FPO AA 17957', '+1-634-416-5998x9221', 'michael47@example.com');
INSERT INTO Person (IDPerson, Name, Surname, Gender, Birthdate, Address, Phone, Email) VALUES (13, 'Todd', 'Stanley', 'Male', '1979-03-25', '4154 Ballard Alley Apt. 718
Paulatown, WA 60422', '+1-524-265-8278x62649', 'stephanie74@example.org');
INSERT INTO Person (IDPerson, Name, Surname, Gender, Birthdate, Address, Phone, Email) VALUES (14, 'Krista', 'Clark', 'Male', '1998-12-07', '5273 Gonzales Gardens
Ballberg, FM 14909', '440-882-9742x1579', 'laneshannon@example.net');
INSERT INTO Person (IDPerson, Name, Surname, Gender, Birthdate, Address, Phone, Email) VALUES (15, 'Tina', 'Lewis', 'Female', '1977-12-15', '10511 Price Road
West Benjamin, HI 72600', '587.776.7173x5679', 'rebecca87@example.com');
INSERT INTO Person (IDPerson, Name, Surname, Gender, Birthdate, Address, Phone, Email) VALUES (16, 'Daniel', 'Harris', 'Male', '1980-12-16', '34820 Obrien Rue
Bryantmouth, DC 78326', '(396)240-4000x76525', 'joselyons@example.org');
INSERT INTO Person (IDPerson, Name, Surname, Gender, Birthdate, Address, Phone, Email) VALUES (17, 'Hannah', 'Clark', 'Other', '1977-06-03', '55617 David Drive Suite 721
Tranbury, MT 03580', '+1-606-614-4273x6211', 'brittneyhaynes@example.com');
INSERT INTO Person (IDPerson, Name, Surname, Gender, Birthdate, Address, Phone, Email) VALUES (18, 'Brian', 'Oconnor', 'Other', '1998-07-11', '583 David Neck Suite 860
Shawnfort, ME 80901', '6686028196', 'shannonreid@example.org');
INSERT INTO Person (IDPerson, Name, Surname, Gender, Birthdate, Address, Phone, Email) VALUES (19, 'Kimberly', 'Daniels', 'Other', '1973-04-26', '072 Lee Cove Apt. 554
Petersfurt, ID 63585', '+1-534-570-4851x654', 'kellersydney@example.com');
INSERT INTO Person (IDPerson, Name, Surname, Gender, Birthdate, Address, Phone, Email) VALUES (20, 'Mark', 'Gomez', 'Female', '1971-08-11', '86125 Joseph Parks Apt. 402
Richardton, DE 92914', '3614136570', 'smithcarrie@example.com');
INSERT INTO Person (IDPerson, Name, Surname, Gender, Birthdate, Address, Phone, Email) VALUES (21, 'Anthony', 'Day', 'Other', '1989-04-08', '519 Rogers Centers
Dianeshire, SC 66267', '215-241-2965', 'whunter@example.com');
INSERT INTO Person (IDPerson, Name, Surname, Gender, Birthdate, Address, Phone, Email) VALUES (22, 'Lori', 'Marshall', 'Male', '1980-10-20', '2242 Daniel Dale Suite 926
Brandonport, NM 39186', '7472314430', 'lopezregina@example.org');
INSERT INTO Person (IDPerson, Name, Surname, Gender, Birthdate, Address, Phone, Email) VALUES (23, 'Andrea', 'Stevens', 'Male', '1993-06-01', '66721 Wallace Forks
South Jocelyn, PR 82283', '(713)417-6148', 'christina70@example.com');
INSERT INTO Person (IDPerson, Name, Surname, Gender, Birthdate, Address, Phone, Email) VALUES (24, 'Danielle', 'Gonzalez', 'Other', '1998-12-06', '31553 Crawford Crescent
Marissafurt, GU 15162', '+1-310-607-0664x2452', 'molly68@example.com');
INSERT INTO Person (IDPerson, Name, Surname, Gender, Birthdate, Address, Phone, Email) VALUES (25, 'Danielle', 'Holmes', 'Other', '1978-06-11', '70063 Mark Island
Sarahaven, SD 25670', '001-387-924-9990x37912', 'wwilson@example.org');
INSERT INTO Person (IDPerson, Name, Surname, Gender, Birthdate, Address, Phone, Email) VALUES (26, 'David', 'Warren', 'Other', '1975-01-20', 'Unit 8713 Box 3945
DPO AA 26276', '525-950-3995', 'tuckersarah@example.com');
INSERT INTO Person (IDPerson, Name, Surname, Gender, Birthdate, Address, Phone, Email) VALUES (27, 'Timothy', 'Nelson', 'Female', '1980-02-02', '26104 Stanley Bypass Apt. 641
New Brandonshire, IN 28216', '203.624.8713x34307', 'mmorgan@example.org');
INSERT INTO Person (IDPerson, Name, Surname, Gender, Birthdate, Address, Phone, Email) VALUES (28, 'Patricia', 'Murphy', 'Female', '1977-09-13', '318 Jessica Lakes Apt. 248
Shellyside, ME 27431', '+1-238-674-8631', 'amanda77@example.net');
INSERT INTO Person (IDPerson, Name, Surname, Gender, Birthdate, Address, Phone, Email) VALUES (29, 'Joel', 'Ellison', 'Female', '1993-09-20', '852 Michele Summit Suite 322
Woodton, IN 67739', '+1-882-295-3447x8782', 'jeremyperkins@example.org');
INSERT INTO Person (IDPerson, Name, Surname, Gender, Birthdate, Address, Phone, Email) VALUES (30, 'Tony', 'Sharp', 'Male', '1999-03-01', '891 Tanner Mountains Suite 165
New Bryanbury, AS 61165', '(653)554-1273', 'awells@example.com');
INSERT INTO Person (IDPerson, Name, Surname, Gender, Birthdate, Address, Phone, Email) VALUES (31, 'Shawn', 'Morgan', 'Other', '1990-05-31', '2606 George Greens
Jonesville, SD 41535', '+1-415-258-3039x683', 'grossjacob@example.com');
INSERT INTO Person (IDPerson, Name, Surname, Gender, Birthdate, Address, Phone, Email) VALUES (32, 'Margaret', 'Davis', 'Female', '1975-09-13', '6941 Harper Circles
Danaburgh, AS 93597', '001-502-789-5929', 'glasskenneth@example.net');
INSERT INTO Person (IDPerson, Name, Surname, Gender, Birthdate, Address, Phone, Email) VALUES (33, 'Keith', 'Robbins', 'Male', '1971-05-21', '1916 Abigail Rest
South Nicole, KY 60317', '(852)559-9361', 'vday@example.com');
INSERT INTO Person (IDPerson, Name, Surname, Gender, Birthdate, Address, Phone, Email) VALUES (34, 'Michelle', 'Ballard', 'Female', '1993-01-19', '44049 Shawn Drive Suite 922
East Hollymouth, MO 63539', '675.248.8657x98935', 'howardtamara@example.net');
INSERT INTO Person (IDPerson, Name, Surname, Gender, Birthdate, Address, Phone, Email) VALUES (35, 'Julie', 'Cochran', 'Female', '1989-10-02', '589 Natasha Isle Apt. 673
Hoffmantown, ID 51388', '(498)608-4934x801', 'christian33@example.com');
INSERT INTO Person (IDPerson, Name, Surname, Gender, Birthdate, Address, Phone, Email) VALUES (36, 'George', 'Walsh', 'Other', '1979-05-07', '07722 Calderon Lane
West Bruceton, VI 22651', '(462)395-3522', 'scott71@example.net');
INSERT INTO Person (IDPerson, Name, Surname, Gender, Birthdate, Address, Phone, Email) VALUES (37, 'Benjamin', 'Rodriguez', 'Other', '1978-03-01', 'USNS Estrada
FPO AP 09793', '562-443-2426', 'ghanson@example.com');
INSERT INTO Person (IDPerson, Name, Surname, Gender, Birthdate, Address, Phone, Email) VALUES (38, 'Caleb', 'Martinez', 'Male', '1981-07-08', '96524 Howard Rest
Johnsonland, AL 41358', '627-816-5215', 'kelly31@example.com');
INSERT INTO Person (IDPerson, Name, Surname, Gender, Birthdate, Address, Phone, Email) VALUES (39, 'Stacey', 'Richardson', 'Other', '1970-05-19', '326 Connor Points
Garnerfort, OR 82629', '001-401-810-3581', 'lucerodiane@example.net');
INSERT INTO Person (IDPerson, Name, Surname, Gender, Birthdate, Address, Phone, Email) VALUES (40, 'Sandra', 'Garcia', 'Female', '1998-12-16', 'PSC 4085, Box 6133
APO AA 07689', '(543)568-4731x0498', 'fperry@example.net');
INSERT INTO Person (IDPerson, Name, Surname, Gender, Birthdate, Address, Phone, Email) VALUES (41, 'Stephanie', 'Ellis', 'Male', '1973-03-04', '847 Cox Expressway Suite 151
Lake Gregoryside, DE 33786', '+1-497-299-0113x602', 'shill@example.com');
INSERT INTO Person (IDPerson, Name, Surname, Gender, Birthdate, Address, Phone, Email) VALUES (42, 'Catherine', 'Thompson', 'Other', '1996-09-16', '4378 White Hollow
Port Shawnfort, HI 44328', '001-226-642-2200x61710', 'foxtara@example.net');
INSERT INTO Person (IDPerson, Name, Surname, Gender, Birthdate, Address, Phone, Email) VALUES (43, 'Michael', 'Jones', 'Other', '1989-01-01', '109 Moreno Place
Johnhaven, NC 34950', '693.784.0804', 'denisejones@example.org');
INSERT INTO Person (IDPerson, Name, Surname, Gender, Birthdate, Address, Phone, Email) VALUES (44, 'Andrea', 'Woods', 'Male', '1999-06-28', '46586 Riley Walks Apt. 011
Lake Robinhaven, WY 97701', '(560)687-4152x0133', 'figueroamegan@example.com');
INSERT INTO Person (IDPerson, Name, Surname, Gender, Birthdate, Address, Phone, Email) VALUES (45, 'Marie', 'Quinn', 'Other', '1975-11-09', '61976 Karen Bridge
Vanessaborough, CA 33484', '+1-765-762-1713x9055', 'irosales@example.org');
INSERT INTO Person (IDPerson, Name, Surname, Gender, Birthdate, Address, Phone, Email) VALUES (46, 'Karen', 'Armstrong', 'Female', '1987-11-30', '83051 David Coves Suite 778
Stephanieville, VT 52501', '+1-880-357-7575x33997', 'warnertricia@example.com');
INSERT INTO Person (IDPerson, Name, Surname, Gender, Birthdate, Address, Phone, Email) VALUES (47, 'Leslie', 'Ibarra', 'Female', '1973-01-12', '80368 Johnson Ferry Suite 421
North Karentown, TN 80341', '(904)423-1304x930', 'jerrymorris@example.com');
INSERT INTO Person (IDPerson, Name, Surname, Gender, Birthdate, Address, Phone, Email) VALUES (48, 'Nancy', 'Olson', 'Other', '1990-06-24', '4683 Miller Cliffs Suite 102
Henryville, NE 04322', '+1-234-553-4138x60810', 'crystal85@example.net');
INSERT INTO Person (IDPerson, Name, Surname, Gender, Birthdate, Address, Phone, Email) VALUES (49, 'Madison', 'Saunders', 'Other', '1979-01-24', '335 Ramirez Ports
Diazhaven, TX 62339', '7389556242', 'smithmichael@example.com');
INSERT INTO Person (IDPerson, Name, Surname, Gender, Birthdate, Address, Phone, Email) VALUES (50, 'Jasmine', 'Collins', 'Other', '1993-08-04', '6522 Garner Knoll Apt. 691
Port Janice, WY 18841', '(300)822-3591x0634', 'gonzalezkelly@example.com');
INSERT INTO BusinessPartner (Name, TaxID, Address) VALUES ('Lee Hernandez', '83-0069829', '14816 Sutton Key Suite 072
Kellyview, PR 15918');
INSERT INTO BusinessPartner (Name, TaxID, Address) VALUES ('Gloria Garcia', '30-1143534', '05456 Alicia Hill
North Duane, AS 11684');
INSERT INTO BusinessPartner (Name, TaxID, Address) VALUES ('Kimberly Norris', '44-7489997', '1213 Thompson Landing
North Devin, WA 27562');
INSERT INTO BusinessPartner (Name, TaxID, Address) VALUES ('Colton Cruz', '46-9239207', '1446 Sherry Course
East Daniel, CT 50559');
INSERT INTO BusinessPartner (Name, TaxID, Address) VALUES ('Joshua Hill', '40-2991914', '98794 Smith Street Apt. 446
Brianchester, GU 37627');
INSERT INTO BusinessPartner (Name, TaxID, Address) VALUES ('Jaime Lopez', '41-6320249', '9827 Nicole Rest
West Veronicaville, MS 09647');
INSERT INTO BusinessPartner (Name, TaxID, Address) VALUES ('Karen Davis', '54-1796073', '56035 Cindy Plaza Apt. 693
Melissaberg, AZ 33464');
INSERT INTO BusinessPartner (Name, TaxID, Address) VALUES ('Ashley Schroeder', '20-7482213', '02797 Torres Grove Apt. 567
Andrewborough, GU 62701');
INSERT INTO BusinessPartner (Name, TaxID, Address) VALUES ('Wendy Mcclure', '42-0480092', '0314 Erin Club
Davistown, CA 11182');
INSERT INTO BusinessPartner (Name, TaxID, Address) VALUES ('Karen Obrien', '87-6464084', '43863 Johnson Road Suite 439
Allisonshire, RI 78820');
INSERT INTO BusinessPartner (Name, TaxID, Address) VALUES ('Eric Sweeney', '76-3068964', '2207 Jacob Cliff Suite 543
New Melinda, UT 89959');
INSERT INTO BusinessPartner (Name, TaxID, Address) VALUES ('Wesley Rhodes', '54-4797787', '916 Dalton Grove Apt. 171
Shelbyfort, MI 55985');
INSERT INTO BusinessPartner (Name, TaxID, Address) VALUES ('Zachary Hoffman', '21-0707281', '21489 Veronica Isle Apt. 395
Sanfordstad, IN 89994');
INSERT INTO BusinessPartner (Name, TaxID, Address) VALUES ('Mitchell Cruz', '38-4900063', 'USCGC Johnson
FPO AA 38444');
INSERT INTO BusinessPartner (Name, TaxID, Address) VALUES ('James Gibson', '64-7245381', '2727 Mark Creek
Donaldmouth, NV 59615');
INSERT INTO Role (Name) VALUES ('Manager');
INSERT INTO Role (Name) VALUES ('Engineer');
INSERT INTO Role (Name) VALUES ('Analyst');
INSERT INTO Role (Name) VALUES ('Technician');
INSERT INTO Role (Name) VALUES ('Clerk');
INSERT INTO Role (Name) VALUES ('Supervisor');
INSERT INTO Role (Name) VALUES ('Executive');
INSERT INTO Role (Name) VALUES ('Consultant');
INSERT INTO Role (Name) VALUES ('Director');
INSERT INTO Role (Name) VALUES ('Assistant');
INSERT INTO Company (Name, Address, Email, Phone) VALUES ('Kaufman-Sims', '11041 Jon Ridge Apt. 316
East Mary, IL 87332', 'pagemichelle@taylor-benson.com', '694.522.5978');
INSERT INTO Company (Name, Address, Email, Phone) VALUES ('Neal, Baker and Liu', '6806 Green Light Suite 476
Christopherchester, MI 18747', 'wyoung@bonilla-barrett.info', '001-593-896-6086x18037');
INSERT INTO Company (Name, Address, Email, Phone) VALUES ('Martin-Campbell', '0022 Lori Branch Suite 921
Murraybury, ND 38298', 'ryanmorgan@hernandez-colon.com', '418.988.3543');
INSERT INTO Company (Name, Address, Email, Phone) VALUES ('Clark Inc', '670 Karen Meadows Suite 256
New Vickie, MA 03039', 'jared73@hansen.org', '+1-208-240-1847');
INSERT INTO Company (Name, Address, Email, Phone) VALUES ('Robertson Group', '62461 Steven Road Suite 252
New Sharonchester, KY 46732', 'tammyhorne@ryan.info', '835-329-7716x52777');
INSERT INTO Company (Name, Address, Email, Phone) VALUES ('Nicholson Group', '6381 Johnston Ridge Apt. 383
East Matthewberg, NV 35707', 'zrangel@mejia.com', '604.456.7302x0793');
INSERT INTO Company (Name, Address, Email, Phone) VALUES ('Fields LLC', 'USNS Thomas
FPO AP 26592', 'wilsoncharles@ewing.biz', '001-494-962-7349x6723');
INSERT INTO Company (Name, Address, Email, Phone) VALUES ('Martin Inc', '314 Perry Cliff
Suzannemouth, GA 87119', 'nancy09@lewis-salas.com', '001-487-890-2307x0303');
INSERT INTO Company (Name, Address, Email, Phone) VALUES ('Riley, Holmes and Bush', '98216 Ross Isle Apt. 845
Smithview, KS 66138', 'bakerdeborah@sanders-baxter.com', '001-204-523-7604x87663');
INSERT INTO Company (Name, Address, Email, Phone) VALUES ('Bowman, Myers and Gonzalez', '853 Miller Burgs Apt. 024
West Tonyabury, HI 99854', 'edwardporter@marshall-gill.com', '4785214088');
INSERT INTO Currency (CurrencyName) VALUES ('USD');
INSERT INTO Currency (CurrencyName) VALUES ('EUR');
INSERT INTO Currency (CurrencyName) VALUES ('GBP');
INSERT INTO Department (Name, Budget, Phone, Email, IDCompany) VALUES ('Enable web-enabled networks', 56990.27, '744-601-5857x37485', 'xscott@lee.com', 1);
INSERT INTO Department (Name, Budget, Phone, Email, IDCompany) VALUES ('Implement proactive synergies', 10185.85, '(868)790-5157x6011', 'julie81@jones.com', 8);
INSERT INTO Department (Name, Budget, Phone, Email, IDCompany) VALUES ('Deliver one-to-one convergence', 39529.81, '5742833260', 'albertdrake@cole.org', 6);
INSERT INTO Department (Name, Budget, Phone, Email, IDCompany) VALUES ('Whiteboard cutting-edge channels', 90215.02, '576-567-4592x980', 'espinozachristine@evans.com', 3);
INSERT INTO Department (Name, Budget, Phone, Email, IDCompany) VALUES ('Optimize cross-media metrics', 41945.24, '760-949-3899x67811', 'jorgelambert@olson-galloway.com', 4);
INSERT INTO Department (Name, Budget, Phone, Email, IDCompany) VALUES ('Syndicate next-generation synergies', 91696.45, '260-445-5367x7081', 'heatherwilliams@martin.org', 1);
INSERT INTO Department (Name, Budget, Phone, Email, IDCompany) VALUES ('Cultivate end-to-end networks', 54884.09, '2979516171', 'jonesmelissa@james.org', 1);
INSERT INTO Department (Name, Budget, Phone, Email, IDCompany) VALUES ('Empower web-enabled technologies', 91063.99, '984-651-7252x452', 'adamwilson@owen-jones.com', 8);
INSERT INTO Department (Name, Budget, Phone, Email, IDCompany) VALUES ('Visualize killer portals', 76952.61, '001-962-328-6842x854', 'bradleyskinner@perez.com', 10);
INSERT INTO Department (Name, Budget, Phone, Email, IDCompany) VALUES ('Scale virtual platforms', 80253.68, '+1-769-448-4783x27316', 'wagnerdavid@harrison.com', 5);
INSERT INTO Department (Name, Budget, Phone, Email, IDCompany) VALUES ('Optimize cutting-edge portals', 95870.11, '261-578-1710x3147', 'bellbonnie@serrano-cole.com', 3);
INSERT INTO Department (Name, Budget, Phone, Email, IDCompany) VALUES ('Whiteboard value-added users', 31668.66, '(874)360-5628', 'gballard@smith.com', 10);
INSERT INTO Department (Name, Budget, Phone, Email, IDCompany) VALUES ('Empower impactful e-services', 50083.24, '+1-642-401-7918x185', 'smartin@campbell.net', 5);
INSERT INTO Department (Name, Budget, Phone, Email, IDCompany) VALUES ('Transition b2b platforms', 79254.87, '213.800.9557', 'reyeskristy@nguyen.com', 5);
INSERT INTO Department (Name, Budget, Phone, Email, IDCompany) VALUES ('Engage clicks-and-mortar platforms', 56852.04, '497.571.8969x00756', 'judith41@andrews.com', 5);
INSERT INTO Purchase (Date, Amount, Description, IDCompany, IDPartner, IDCurrency) VALUES ('2021-10-17', 34082, 'Situation trade democratic listen show friend past I loss once experience father paper dog few.', 2, 3, 3);
INSERT INTO Purchase (Date, Amount, Description, IDCompany, IDPartner, IDCurrency) VALUES ('2020-09-15', 76827, 'Democratic his their prove impact different decide something also rather cold themselves issue recently structure than such reach.', 6, 12, 1);
INSERT INTO Purchase (Date, Amount, Description, IDCompany, IDPartner, IDCurrency) VALUES ('2020-04-12', 39822, 'Unit stage difference operation work since design mission media door decade technology hold.', 3, 15, 2);
INSERT INTO Purchase (Date, Amount, Description, IDCompany, IDPartner, IDCurrency) VALUES ('2021-12-04', 25353, 'Ball property focus painting fine senior physical Democrat exactly suggest plant environmental effort his yes benefit for move.', 6, 9, 1);
INSERT INTO Purchase (Date, Amount, Description, IDCompany, IDPartner, IDCurrency) VALUES ('2020-04-14', 66742, 'If Mrs necessary population account really indeed size deal sense end create image see seat business respond parent evening since authority someone.', 2, 11, 1);
INSERT INTO Purchase (Date, Amount, Description, IDCompany, IDPartner, IDCurrency) VALUES ('2020-03-27', 78911, 'Both look little father increase well increase will final understand out or play heavy many purpose green model particularly.', 10, 4, 1);
INSERT INTO Purchase (Date, Amount, Description, IDCompany, IDPartner, IDCurrency) VALUES ('2022-11-06', 49680, 'Beyond down factor beyond unit suddenly probably individual feeling anyone off record above at your front loss southern under herself western try world game thus continue race color.', 9, 8, 3);
INSERT INTO Purchase (Date, Amount, Description, IDCompany, IDPartner, IDCurrency) VALUES ('2020-09-22', 75597, 'Group third apply nothing view beautiful already leave after goal career claim yes apply Mrs gas sometimes range better house company.', 8, 8, 3);
INSERT INTO Purchase (Date, Amount, Description, IDCompany, IDPartner, IDCurrency) VALUES ('2021-01-12', 50679, 'Fly laugh force need size moment beautiful how water indeed firm issue difference during agreement common direction beyond arrive marriage create condition agent.', 1, 11, 3);
INSERT INTO Purchase (Date, Amount, Description, IDCompany, IDPartner, IDCurrency) VALUES ('2022-10-30', 60772, 'Lot majority leg economy any admit pattern others mission radio whole tree lose case perhaps central world everyone establish determine answer explain.', 4, 1, 3);
INSERT INTO Employee (IDEmployee, IDRole, WorkSince, ContractEnd, Salary, TaxID, IDCompany) VALUES (17, 5, '2020-10-26', '2027-01-26', 4835.69, '16-9892733', 6);
INSERT INTO Employee (IDEmployee, IDRole, WorkSince, ContractEnd, Salary, TaxID, IDCompany) VALUES (18, 8, '2020-02-07', '2024-05-04', 3244.51, '56-2078947', 8);
INSERT INTO Employee (IDEmployee, IDRole, WorkSince, ContractEnd, Salary, TaxID, IDCompany) VALUES (19, 10, '2021-12-25', '2027-06-19', 4985.54, '91-1846069', 5);
INSERT INTO Employee (IDEmployee, IDRole, WorkSince, ContractEnd, Salary, TaxID, IDCompany) VALUES (20, 3, '2022-11-13', '2027-07-05', 2302.09, '01-1141547', 6);
INSERT INTO Employee (IDEmployee, IDRole, WorkSince, ContractEnd, Salary, TaxID, IDCompany) VALUES (21, 4, '2022-07-05', '2024-04-02', 1645.5, '42-4361446', 6);
INSERT INTO Employee (IDEmployee, IDRole, WorkSince, ContractEnd, Salary, TaxID, IDCompany) VALUES (22, 2, '2022-04-02', '2025-06-05', 2634.48, '95-5751548', 6);
INSERT INTO Employee (IDEmployee, IDRole, WorkSince, ContractEnd, Salary, TaxID, IDCompany) VALUES (23, 1, '2022-11-25', '2024-07-14', 2292.0, '99-1298703', 4);
INSERT INTO Employee (IDEmployee, IDRole, WorkSince, ContractEnd, Salary, TaxID, IDCompany) VALUES (24, 3, '2020-04-07', '2023-09-14', 931.04, '77-9824213', 6);
INSERT INTO Employee (IDEmployee, IDRole, WorkSince, ContractEnd, Salary, TaxID, IDCompany) VALUES (25, 10, '2021-06-30', '2026-12-27', 3322.41, '66-2847325', 3);
INSERT INTO Employee (IDEmployee, IDRole, WorkSince, ContractEnd, Salary, TaxID, IDCompany) VALUES (26, 3, '2021-04-09', '2026-03-28', 4533.59, '82-7526718', 4);
INSERT INTO Employee (IDEmployee, IDRole, WorkSince, ContractEnd, Salary, TaxID, IDCompany) VALUES (27, 8, '2021-10-22', '2026-12-11', 4394.17, '85-7431560', 1);
INSERT INTO Employee (IDEmployee, IDRole, WorkSince, ContractEnd, Salary, TaxID, IDCompany) VALUES (28, 2, '2022-09-01', '2026-03-04', 4897.01, '02-1877165', 3);
INSERT INTO Employee (IDEmployee, IDRole, WorkSince, ContractEnd, Salary, TaxID, IDCompany) VALUES (29, 9, '2022-01-06', '2023-08-23', 887.07, '72-5348158', 7);
INSERT INTO Employee (IDEmployee, IDRole, WorkSince, ContractEnd, Salary, TaxID, IDCompany) VALUES (30, 8, '2020-08-26', '2026-03-19', 4154.59, '31-5245910', 2);
INSERT INTO Employee (IDEmployee, IDRole, WorkSince, ContractEnd, Salary, TaxID, IDCompany) VALUES (31, 9, '2021-07-01', '2027-05-18', 1502.1, '01-9973032', 2);
INSERT INTO Employee (IDEmployee, IDRole, WorkSince, ContractEnd, Salary, TaxID, IDCompany) VALUES (32, 6, '2021-02-20', '2026-08-28', 2469.8, '48-9168770', 4);
INSERT INTO Employee (IDEmployee, IDRole, WorkSince, ContractEnd, Salary, TaxID, IDCompany) VALUES (33, 8, '2022-12-05', '2023-08-10', 4126.37, '56-6062447', 9);
INSERT INTO Employee (IDEmployee, IDRole, WorkSince, ContractEnd, Salary, TaxID, IDCompany) VALUES (34, 2, '2021-10-21', '2024-05-21', 1318.42, '23-5384834', 9);
INSERT INTO Employee (IDEmployee, IDRole, WorkSince, ContractEnd, Salary, TaxID, IDCompany) VALUES (35, 8, '2021-12-26', '2026-02-18', 3338.82, '88-6331242', 4);
INSERT INTO Employee (IDEmployee, IDRole, WorkSince, ContractEnd, Salary, TaxID, IDCompany) VALUES (36, 3, '2021-04-05', '2026-09-04', 2523.42, '39-3478240', 4);
INSERT INTO Employee (IDEmployee, IDRole, WorkSince, ContractEnd, Salary, TaxID, IDCompany) VALUES (37, 4, '2022-11-15', '2024-02-19', 2839.86, '35-2587353', 4);
INSERT INTO Employee (IDEmployee, IDRole, WorkSince, ContractEnd, Salary, TaxID, IDCompany) VALUES (38, 6, '2022-09-24', '2024-09-21', 1615.32, '68-7707157', 2);
INSERT INTO Employee (IDEmployee, IDRole, WorkSince, ContractEnd, Salary, TaxID, IDCompany) VALUES (39, 2, '2021-11-30', '2025-08-26', 2435.44, '94-9211611', 1);
INSERT INTO Employee (IDEmployee, IDRole, WorkSince, ContractEnd, Salary, TaxID, IDCompany) VALUES (40, 6, '2021-05-17', '2023-12-25', 2017.11, '21-1535085', 4);
INSERT INTO Employee (IDEmployee, IDRole, WorkSince, ContractEnd, Salary, TaxID, IDCompany) VALUES (41, 8, '2021-08-15', '2027-07-16', 898.95, '46-7199540', 8);
INSERT INTO Employee (IDEmployee, IDRole, WorkSince, ContractEnd, Salary, TaxID, IDCompany) VALUES (42, 6, '2021-11-21', '2027-07-25', 4364.47, '81-3884047', 1);
INSERT INTO Employee (IDEmployee, IDRole, WorkSince, ContractEnd, Salary, TaxID, IDCompany) VALUES (43, 4, '2020-01-10', '2024-11-28', 2491.52, '35-4595795', 7);
INSERT INTO Employee (IDEmployee, IDRole, WorkSince, ContractEnd, Salary, TaxID, IDCompany) VALUES (44, 7, '2022-11-27', '2027-12-04', 4312.64, '11-3222068', 9);
INSERT INTO Employee (IDEmployee, IDRole, WorkSince, ContractEnd, Salary, TaxID, IDCompany) VALUES (45, 9, '2020-02-17', '2027-04-22', 4139.17, '46-8308657', 2);
INSERT INTO Employee (IDEmployee, IDRole, WorkSince, ContractEnd, Salary, TaxID, IDCompany) VALUES (46, 1, '2022-12-07', '2023-05-27', 4542.08, '75-3558513', 7);
INSERT INTO Employee (IDEmployee, IDRole, WorkSince, ContractEnd, Salary, TaxID, IDCompany) VALUES (47, 4, '2022-09-07', '2024-02-02', 4888.47, '99-1869971', 7);
INSERT INTO Employee (IDEmployee, IDRole, WorkSince, ContractEnd, Salary, TaxID, IDCompany) VALUES (48, 2, '2020-01-23', '2025-04-07', 4801.95, '10-1902166', 1);
INSERT INTO Employee (IDEmployee, IDRole, WorkSince, ContractEnd, Salary, TaxID, IDCompany) VALUES (49, 3, '2020-09-30', '2025-04-26', 2219.3, '25-0094238', 4);
INSERT INTO Employee (IDEmployee, IDRole, WorkSince, ContractEnd, Salary, TaxID, IDCompany) VALUES (50, 2, '2020-06-24', '2024-12-02', 4019.85, '94-8800294', 4);
INSERT INTO Contact (IDContact, JobDescription, IDPartner) VALUES (1, 'Volunteer coordinator', 12);
INSERT INTO Contact (IDContact, JobDescription, IDPartner) VALUES (2, 'Community arts worker', 8);
INSERT INTO Contact (IDContact, JobDescription, IDPartner) VALUES (3, 'Community education officer', 1);
INSERT INTO Contact (IDContact, JobDescription, IDPartner) VALUES (4, 'Research scientist (life sciences)', 9);
INSERT INTO Contact (IDContact, JobDescription, IDPartner) VALUES (5, 'Therapist, sports', 14);
INSERT INTO Contact (IDContact, JobDescription, IDPartner) VALUES (6, 'Hotel manager', 1);
INSERT INTO Contact (IDContact, JobDescription, IDPartner) VALUES (7, 'Patent examiner', 9);
INSERT INTO Contact (IDContact, JobDescription, IDPartner) VALUES (8, 'Best boy', 4);
INSERT INTO Contact (IDContact, JobDescription, IDPartner) VALUES (9, 'Historic buildings inspector/conservation officer', 11);
INSERT INTO Contact (IDContact, JobDescription, IDPartner) VALUES (10, 'Microbiologist', 6);
INSERT INTO Contact (IDContact, JobDescription, IDPartner) VALUES (11, 'Accommodation manager', 8);
INSERT INTO Contact (IDContact, JobDescription, IDPartner) VALUES (12, 'Immigration officer', 6);
INSERT INTO Contact (IDContact, JobDescription, IDPartner) VALUES (13, 'Early years teacher', 12);
INSERT INTO Contact (IDContact, JobDescription, IDPartner) VALUES (14, 'Surveyor, mining', 14);
INSERT INTO Contact (IDContact, JobDescription, IDPartner) VALUES (15, 'Tree surgeon', 14);
INSERT INTO Invoice (InvoiceDate, TotalAmount, IDCurrency, IDCompany, IDContact) VALUES ('2020-09-11', 1688.97, 3, 4, 12);
INSERT INTO Invoice (InvoiceDate, TotalAmount, IDCurrency, IDCompany, IDContact) VALUES ('2020-12-12', 3411.28, 2, 1, 2);
INSERT INTO Invoice (InvoiceDate, TotalAmount, IDCurrency, IDCompany, IDContact) VALUES ('2023-01-01', 1705.16, 3, 1, 15);
INSERT INTO Invoice (InvoiceDate, TotalAmount, IDCurrency, IDCompany, IDContact) VALUES ('2020-12-07', 1486.71, 2, 5, 2);
INSERT INTO Invoice (InvoiceDate, TotalAmount, IDCurrency, IDCompany, IDContact) VALUES ('2020-03-20', 3797.23, 2, 8, 11);
INSERT INTO Invoice (InvoiceDate, TotalAmount, IDCurrency, IDCompany, IDContact) VALUES ('2020-10-02', 2968.78, 3, 1, 2);
INSERT INTO Invoice (InvoiceDate, TotalAmount, IDCurrency, IDCompany, IDContact) VALUES ('2022-03-13', 358.73, 1, 9, 14);
INSERT INTO Invoice (InvoiceDate, TotalAmount, IDCurrency, IDCompany, IDContact) VALUES ('2022-04-20', 2365.46, 3, 1, 5);
INSERT INTO Invoice (InvoiceDate, TotalAmount, IDCurrency, IDCompany, IDContact) VALUES ('2022-08-09', 4666.96, 2, 7, 12);
INSERT INTO Invoice (InvoiceDate, TotalAmount, IDCurrency, IDCompany, IDContact) VALUES ('2021-12-12', 524.49, 1, 10, 11);
INSERT INTO Project (Name, StartDate, EndDate, IDDepartment) VALUES ('Exploit sticky info-mediaries', '2020-07-28', '2024-09-01', 13);
INSERT INTO Project (Name, StartDate, EndDate, IDDepartment) VALUES ('Synthesize ubiquitous niches', '2021-06-07', '2024-12-31', 11);
INSERT INTO Project (Name, StartDate, EndDate, IDDepartment) VALUES ('Facilitate open-source e-commerce', '2021-02-24', '2023-04-25', 1);
INSERT INTO Project (Name, StartDate, EndDate, IDDepartment) VALUES ('Synthesize magnetic action-items', '2020-07-30', '2023-10-31', 14);
INSERT INTO Project (Name, StartDate, EndDate, IDDepartment) VALUES ('Orchestrate cross-media relationships', '2020-09-12', '2023-09-17', 12);
INSERT INTO Project (Name, StartDate, EndDate, IDDepartment) VALUES ('Harness 24/365 supply-chains', '2020-11-18', '2024-05-24', 4);
INSERT INTO Project (Name, StartDate, EndDate, IDDepartment) VALUES ('Whiteboard transparent models', '2021-04-19', '2023-01-29', 7);
INSERT INTO Project (Name, StartDate, EndDate, IDDepartment) VALUES ('Orchestrate intuitive schemas', '2021-01-19', '2023-04-18', 10);
INSERT INTO Project (Name, StartDate, EndDate, IDDepartment) VALUES ('Enhance cross-media metrics', '2020-06-14', '2023-07-01', 14);
INSERT INTO Project (Name, StartDate, EndDate, IDDepartment) VALUES ('Harness robust communities', '2021-04-16', '2023-09-21', 4);
INSERT INTO Project (Name, StartDate, EndDate, IDDepartment) VALUES ('Exploit virtual e-commerce', '2021-03-07', '2024-05-28', 13);
INSERT INTO Project (Name, StartDate, EndDate, IDDepartment) VALUES ('Synergize efficient relationships', '2020-10-21', '2024-07-14', 2);
INSERT INTO Project (Name, StartDate, EndDate, IDDepartment) VALUES ('Repurpose virtual content', '2020-12-30', '2024-12-22', 1);
INSERT INTO Project (Name, StartDate, EndDate, IDDepartment) VALUES ('Embrace impactful web-readiness', '2020-02-01', '2024-01-17', 13);
INSERT INTO Project (Name, StartDate, EndDate, IDDepartment) VALUES ('Re-intermediate revolutionary relationships', '2021-12-10', '2023-05-03', 11);
INSERT INTO Project (Name, StartDate, EndDate, IDDepartment) VALUES ('Iterate customized content', '2020-07-19', '2023-03-15', 3);
INSERT INTO Project (Name, StartDate, EndDate, IDDepartment) VALUES ('Evolve bricks-and-clicks users', '2021-11-06', '2024-10-22', 13);
INSERT INTO Project (Name, StartDate, EndDate, IDDepartment) VALUES ('Transition synergistic metrics', '2020-06-08', '2024-04-10', 13);
INSERT INTO Project (Name, StartDate, EndDate, IDDepartment) VALUES ('Brand impactful web-readiness', '2020-10-14', '2024-04-11', 12);
INSERT INTO Project (Name, StartDate, EndDate, IDDepartment) VALUES ('Empower ubiquitous supply-chains', '2020-09-28', '2024-11-20', 1);
INSERT INTO EmployeeDepartment (IDEmployee, IDDepartment, DepTitle) VALUES (17, 14, 'Travel agency manager');
INSERT INTO EmployeeDepartment (IDEmployee, IDDepartment, DepTitle) VALUES (18, 3, 'Administrator');
INSERT INTO EmployeeDepartment (IDEmployee, IDDepartment, DepTitle) VALUES (19, 13, 'Social worker');
INSERT INTO EmployeeDepartment (IDEmployee, IDDepartment, DepTitle) VALUES (20, 6, 'Government social research officer');
INSERT INTO EmployeeDepartment (IDEmployee, IDDepartment, DepTitle) VALUES (21, 11, 'Programmer, multimedia');
INSERT INTO EmployeeDepartment (IDEmployee, IDDepartment, DepTitle) VALUES (22, 4, 'Armed forces logistics/support/administrative officer');
INSERT INTO EmployeeDepartment (IDEmployee, IDDepartment, DepTitle) VALUES (23, 7, 'Secretary, company');
INSERT INTO EmployeeDepartment (IDEmployee, IDDepartment, DepTitle) VALUES (24, 11, 'Computer games developer');
INSERT INTO EmployeeDepartment (IDEmployee, IDDepartment, DepTitle) VALUES (25, 5, 'Accommodation manager');
INSERT INTO EmployeeDepartment (IDEmployee, IDDepartment, DepTitle) VALUES (26, 10, 'Engineer, building services');
INSERT INTO EmployeeDepartment (IDEmployee, IDDepartment, DepTitle) VALUES (27, 1, 'Network engineer');
INSERT INTO EmployeeDepartment (IDEmployee, IDDepartment, DepTitle) VALUES (28, 8, 'Surveyor, minerals');
INSERT INTO EmployeeDepartment (IDEmployee, IDDepartment, DepTitle) VALUES (29, 2, 'Scientist, research (physical sciences)');
INSERT INTO EmployeeDepartment (IDEmployee, IDDepartment, DepTitle) VALUES (30, 6, 'Public house manager');
INSERT INTO EmployeeDepartment (IDEmployee, IDDepartment, DepTitle) VALUES (31, 4, 'Technical author');
INSERT INTO EmployeeDepartment (IDEmployee, IDDepartment, DepTitle) VALUES (32, 2, 'Psychiatrist');
INSERT INTO EmployeeDepartment (IDEmployee, IDDepartment, DepTitle) VALUES (33, 9, 'Recycling officer');
INSERT INTO EmployeeDepartment (IDEmployee, IDDepartment, DepTitle) VALUES (34, 2, 'Administrator, local government');
INSERT INTO EmployeeDepartment (IDEmployee, IDDepartment, DepTitle) VALUES (35, 14, 'Social researcher');
INSERT INTO EmployeeDepartment (IDEmployee, IDDepartment, DepTitle) VALUES (36, 4, 'Associate Professor');
INSERT INTO EmployeeDepartment (IDEmployee, IDDepartment, DepTitle) VALUES (37, 6, 'Scientist, forensic');
INSERT INTO EmployeeDepartment (IDEmployee, IDDepartment, DepTitle) VALUES (38, 3, 'Forensic psychologist');
INSERT INTO EmployeeDepartment (IDEmployee, IDDepartment, DepTitle) VALUES (39, 3, 'Therapist, drama');
INSERT INTO EmployeeDepartment (IDEmployee, IDDepartment, DepTitle) VALUES (40, 4, 'Medical illustrator');
INSERT INTO EmployeeDepartment (IDEmployee, IDDepartment, DepTitle) VALUES (41, 12, 'Merchandiser, retail');
INSERT INTO EmployeeDepartment (IDEmployee, IDDepartment, DepTitle) VALUES (42, 15, 'Market researcher');
INSERT INTO EmployeeDepartment (IDEmployee, IDDepartment, DepTitle) VALUES (43, 4, 'Midwife');
INSERT INTO EmployeeDepartment (IDEmployee, IDDepartment, DepTitle) VALUES (44, 14, 'Printmaker');
INSERT INTO EmployeeDepartment (IDEmployee, IDDepartment, DepTitle) VALUES (45, 14, 'Surgeon');
INSERT INTO EmployeeDepartment (IDEmployee, IDDepartment, DepTitle) VALUES (46, 10, 'Scientist, audiological');
INSERT INTO EmployeeDepartment (IDEmployee, IDDepartment, DepTitle) VALUES (47, 1, 'Ophthalmologist');
INSERT INTO EmployeeDepartment (IDEmployee, IDDepartment, DepTitle) VALUES (48, 10, 'Museum/gallery conservator');
INSERT INTO EmployeeDepartment (IDEmployee, IDDepartment, DepTitle) VALUES (49, 7, 'Historic buildings inspector/conservation officer');
INSERT INTO EmployeeDepartment (IDEmployee, IDDepartment, DepTitle) VALUES (50, 4, 'Medical illustrator');
INSERT INTO Sale (Date, Amount, IDContact, IDProject) VALUES ('2022-02-07', 5688.48, 5, 3);
INSERT INTO Sale (Date, Amount, IDContact, IDProject) VALUES ('2023-10-21', 7214.83, 7, 4);
INSERT INTO Sale (Date, Amount, IDContact, IDProject) VALUES ('2020-03-13', 4339.67, 13, 11);
INSERT INTO Sale (Date, Amount, IDContact, IDProject) VALUES ('2020-12-14', 1349.19, 7, 19);
INSERT INTO Sale (Date, Amount, IDContact, IDProject) VALUES ('2021-05-17', 1774.41, 10, 16);
INSERT INTO Sale (Date, Amount, IDContact, IDProject) VALUES ('2023-11-19', 4114.36, 5, 6);
INSERT INTO Sale (Date, Amount, IDContact, IDProject) VALUES ('2020-12-21', 3842.92, 2, 11);
INSERT INTO Sale (Date, Amount, IDContact, IDProject) VALUES ('2022-05-15', 3372.31, 10, 20);
INSERT INTO Sale (Date, Amount, IDContact, IDProject) VALUES ('2023-02-24', 3896.96, 15, 13);
INSERT INTO Sale (Date, Amount, IDContact, IDProject) VALUES ('2022-03-12', 9833.75, 11, 2);
INSERT INTO Sale (Date, Amount, IDContact, IDProject) VALUES ('2022-11-27', 4426.58, 14, 12);
INSERT INTO Sale (Date, Amount, IDContact, IDProject) VALUES ('2021-10-04', 542.69, 14, 7);
INSERT INTO Sale (Date, Amount, IDContact, IDProject) VALUES ('2021-06-12', 4746.67, 1, 15);
INSERT INTO Sale (Date, Amount, IDContact, IDProject) VALUES ('2021-09-22', 5293.31, 9, 19);
INSERT INTO Sale (Date, Amount, IDContact, IDProject) VALUES ('2022-03-24', 4325.06, 14, 14);
INSERT INTO Sale (Date, Amount, IDContact, IDProject) VALUES ('2021-04-04', 3952.54, 10, 6);
INSERT INTO Sale (Date, Amount, IDContact, IDProject) VALUES ('2022-05-26', 2063.36, 8, 17);
INSERT INTO Sale (Date, Amount, IDContact, IDProject) VALUES ('2020-07-30', 2870.18, 2, 11);
INSERT INTO Sale (Date, Amount, IDContact, IDProject) VALUES ('2023-02-14', 4192.47, 13, 3);
INSERT INTO Sale (Date, Amount, IDContact, IDProject) VALUES ('2023-02-23', 5414.52, 5, 5);
INSERT INTO Sale (Date, Amount, IDContact, IDProject) VALUES ('2021-03-30', 2508.5, 11, 19);
INSERT INTO Sale (Date, Amount, IDContact, IDProject) VALUES ('2022-11-24', 9419.95, 14, 5);
INSERT INTO Sale (Date, Amount, IDContact, IDProject) VALUES ('2020-06-05', 3188.37, 1, 12);
INSERT INTO Sale (Date, Amount, IDContact, IDProject) VALUES ('2020-03-11', 3524.05, 3, 4);
INSERT INTO Sale (Date, Amount, IDContact, IDProject) VALUES ('2020-09-04', 3860.61, 4, 19);
INSERT INTO Sale (Date, Amount, IDContact, IDProject) VALUES ('2020-09-05', 1621.45, 9, 15);
INSERT INTO Sale (Date, Amount, IDContact, IDProject) VALUES ('2022-02-07', 3902.13, 12, 14);
INSERT INTO Sale (Date, Amount, IDContact, IDProject) VALUES ('2020-07-12', 5932.43, 6, 14);
INSERT INTO Sale (Date, Amount, IDContact, IDProject) VALUES ('2022-03-10', 4843.97, 6, 3);
INSERT INTO Sale (Date, Amount, IDContact, IDProject) VALUES ('2021-07-04', 6432.44, 14, 6);
INSERT INTO Product (Name, Price, IDDepartment) VALUES ('Fly Many', 162.06, 12);
INSERT INTO Product (Name, Price, IDDepartment) VALUES ('Hotel Technology', 46.42, 2);
INSERT INTO Product (Name, Price, IDDepartment) VALUES ('Message Certain', 18.19, 11);
INSERT INTO Product (Name, Price, IDDepartment) VALUES ('Hand Student', 929.77, 2);
INSERT INTO Product (Name, Price, IDDepartment) VALUES ('Few Station', 190.32, 8);
INSERT INTO Product (Name, Price, IDDepartment) VALUES ('Ask Expert', 196.76, 3);
INSERT INTO Product (Name, Price, IDDepartment) VALUES ('Personal Big', 492.73, 4);
INSERT INTO Product (Name, Price, IDDepartment) VALUES ('Perform Explain', 191.32, 10);
INSERT INTO Product (Name, Price, IDDepartment) VALUES ('Pretty Majority', 136.19, 7);
INSERT INTO Product (Name, Price, IDDepartment) VALUES ('Add Concern', 758.22, 12);
INSERT INTO Product (Name, Price, IDDepartment) VALUES ('Bad Think', 235.54, 13);
INSERT INTO Product (Name, Price, IDDepartment) VALUES ('Still But', 972.99, 13);
INSERT INTO Product (Name, Price, IDDepartment) VALUES ('Expert Final', 480.84, 15);
INSERT INTO Product (Name, Price, IDDepartment) VALUES ('Population Best', 813.58, 5);
INSERT INTO Product (Name, Price, IDDepartment) VALUES ('Control Deep', 33.95, 11);
INSERT INTO Product (Name, Price, IDDepartment) VALUES ('Painting Majority', 614.79, 1);
INSERT INTO Product (Name, Price, IDDepartment) VALUES ('Too Indeed', 80.44, 15);
INSERT INTO Product (Name, Price, IDDepartment) VALUES ('Skill Much', 798.98, 5);
INSERT INTO Product (Name, Price, IDDepartment) VALUES ('Base Sometimes', 786.15, 9);
INSERT INTO Product (Name, Price, IDDepartment) VALUES ('Begin Later', 943.81, 15);
INSERT INTO InvoiceSale (IDInvoice, IDSale) VALUES (2, 17);
INSERT INTO InvoiceSale (IDInvoice, IDSale) VALUES (4, 2);
INSERT INTO InvoiceSale (IDInvoice, IDSale) VALUES (9, 28);
INSERT INTO InvoiceSale (IDInvoice, IDSale) VALUES (3, 25);
INSERT INTO ProductSale (IDProduct, IDSale, Quantity) VALUES (11, 27, 2);
INSERT INTO ProductSale (IDProduct, IDSale, Quantity) VALUES (12, 29, 9);
INSERT INTO ProductSale (IDProduct, IDSale, Quantity) VALUES (13, 12, 9);
INSERT INTO ProductSale (IDProduct, IDSale, Quantity) VALUES (5, 17, 2);
INSERT INTO ProductSale (IDProduct, IDSale, Quantity) VALUES (3, 30, 8);
INSERT INTO ProductSale (IDProduct, IDSale, Quantity) VALUES (9, 30, 5);
INSERT INTO ProductSale (IDProduct, IDSale, Quantity) VALUES (18, 3, 2);
INSERT INTO ProductSale (IDProduct, IDSale, Quantity) VALUES (5, 20, 5);
INSERT INTO ProductSale (IDProduct, IDSale, Quantity) VALUES (16, 27, 3);
INSERT INTO ProductSale (IDProduct, IDSale, Quantity) VALUES (19, 17, 6);
